img,ndwi,ndvi,color1,color2,color3,var1,var2,var3,mean,std,skweness,kurtosis,gradient,energy,correlation,homo,area,perimeter,compactness,eccentricity
24412795,-77.68838856,7138.734694,112.4954681,125.0540924,134.9601288,4369.325572,3873.010242,5196.142926,5.96E-08,2.06E-06,212.3847385,81035.28354,0.074150085,0.008677702,0.819030069,0.071031783,65483,1720.492604,133.5375883,144.5389197
22871393,2592.731181,6274.353133,107.920578,121.9330444,119.1361389,3973.859949,4175.494815,4434.299398,5.96E-08,1.55E-06,112.526975,43922.06462,0.015510559,0.007217171,0.732057394,0.044469788,65438,743.9442636,55.49880121,132.0078556
22987207,-4357.83939,2889.455589,107.2032471,114.3470764,129.2066193,2092.188183,2122.285452,2393.716113,5.96E-08,3.17E-06,150.9189964,37206.99781,-0.181404114,0.018298612,0.961058527,0.225543594,65522,7382.385494,1007.224346,158.378648
23318830,-1581.72981,8575.526941,105.2555542,122.7220612,127.8394928,3898.470733,3940.885625,4022.75004,5.96E-08,1.52E-06,47.16181535,4195.901418,-0.098205566,0.007241321,0.714007588,0.045979866,65502,752.6366517,21.11398798,102.21349
23803094,5112.519778,6723.762211,114.4996948,127.8470917,120.8596039,4068.780426,3475.214488,4370.83971,5.96E-08,1.62E-06,95.65033484,18745.43701,-0.360710144,0.008806546,0.777618812,0.075253883,65526,1764.379905,101.5417097,120.5052148
21453469,5064.537627,6602.27401,100.9477386,118.811264,107.5949554,2612.586487,3068.556038,3199.66237,5.96E-08,1.71E-06,91.97575833,21285.10572,-0.065124512,0.012567587,0.9184751,0.144147291,65505,3401.001405,241.2752552,128.0461447
24000539,6659.631078,786.3799485,127.7091217,128.0961914,110.4138489,3697.860138,3460.584375,3063.481195,5.96E-08,1.84E-06,75.66686403,10736.75515,-0.479309082,0.009116089,0.835757576,0.080334136,65475,1249.318939,46.98322618,126.6582992
25314802,-315.1909512,1645.49087,125.5587616,129.0926971,131.6217651,3808.156795,3425.715299,3737.206944,5.96E-08,1.91E-06,85.27821944,12828.50294,0.208755493,0.010476172,0.791876951,0.103666839,65461,2361.429724,134.2773643,139.0337815
22736093,2835.922851,-234.1036173,119.8550415,116.2763519,110.7938538,3911.244643,3450.346008,3497.953323,5.96E-08,2.04E-06,84.72021209,12058.2833,-0.347854614,0.007560577,0.751649251,0.045416244,65468,641.0325753,22.74820582,101.4734177
25420809,2809.746003,7794.214082,119.9056854,136.1158295,131.8692474,4531.255524,3952.540005,4376.5225,5.96E-08,2.04E-06,126.880688,30113.06374,-0.437744141,0.009094493,0.814670333,0.086090387,65511,1966.249963,154.3840395,142.301835
25049148,1516.54549,-13.59064843,133.6920776,126.552948,121.9746399,4714.355593,3458.329991,3305.968351,5.96E-08,2.17E-06,198.6418211,73729.74957,-0.422012329,0.009804568,0.778975687,0.089764102,65482,3140.375901,495.6532942,141.0274887
24741690,-1473.537734,6154.344012,114.6016846,128.1677856,134.7587585,3598.644781,3548.619431,3971.486328,5.96E-08,2.59E-06,156.7636017,39433.22267,-0.472946167,0.010003404,0.869866435,0.099007913,65520,1990.782971,104.5817349,128.4736753
23434476,1526.803072,232.749985,119.5799561,119.7602386,118.2415314,4094.861954,3968.76922,4260.176541,5.96E-08,2.50E-06,85.945455,10550.134,-0.156982422,0.008811154,0.874251906,0.080442102,65487,1863.285497,88.98996185,110.515552
22424757,2718.600697,3480.769908,109.6369934,117.6754303,114.8622131,4203.213594,4181.070543,4594.628995,5.96E-08,1.32E-06,80.05144865,24690.40759,-0.225662231,0.007450902,0.760257837,0.051144414,65460,1015.631601,76.4906501,100.8444803
24612268,-1751.796601,2628.944714,118.2524872,124.6166687,132.6842499,2676.340288,2645.753143,3063.742358,5.96E-08,2.94E-06,124.8256194,23786.37423,-0.365356445,0.011137664,0.799589097,0.088292769,65482,1927.144407,124.5221535,136.2859279
20453781,-3890.939736,3057.123775,94.33485413,102.4402771,115.3247986,1906.426645,1965.561619,2391.200292,5.96E-08,3.95E-06,145.1000297,30885.32793,-0.298225403,0.023037902,0.983178847,0.315538369,65514,10233.29632,1775.09385,177.554611
23175632,-3724.566192,2654.141049,109.3070984,115.7582855,128.5666962,3239.48995,3254.252716,3843.316902,5.96E-08,2.25E-06,61.28249349,5161.004054,-0.019248962,0.013859337,0.973588345,0.188921406,65501,5088.988345,471.1843951,101.7667292
24610823,1751.992126,1788.060291,123.4181976,128.1369324,123.9762268,3559.321189,3524.414172,3521.334457,5.96E-08,2.47E-06,81.23380816,9627.835146,-0.212081909,0.008916757,0.872050689,0.07729321,65496,1346.502705,44.98942555,125.0478248
23325562,-5126.28668,711.1552372,112.9322052,114.3938446,128.5937805,3506.232266,3493.362236,3826.712275,5.96E-08,3.32E-06,83.22190397,8266.511314,-0.467979431,0.01007656,0.939219728,0.102412598,65478,1807.42049,92.96794254,102.0206677
23708054,-1352.360981,6556.638545,109.7457428,123.4950562,128.5153961,4113.610967,3854.756934,4106.553474,5.96E-08,1.87E-06,56.78690908,5162.837971,-0.313056946,0.009481525,0.917750449,0.102410508,65517,2388.233765,147.7861248,120.623584
25528765,-1230.610025,1618.939951,126.6047211,129.2418365,133.6914825,3986.911824,3687.174013,3876.554826,5.96E-08,3.07E-06,106.518529,15559.92597,-0.567123413,0.009324327,0.793244095,0.096088962,65450,2135.9373,108.9032623,137.9036043
24178683,4860.26368,653.5488954,123.0406494,126.2063599,119.6904144,3931.705409,3880.907794,4304.74661,5.96E-08,1.49E-06,55.16812264,6025.072798,-0.099197388,0.008478054,0.877188822,0.068487373,65511,1040.466125,32.51030236,104.4587048
22734912,1441.853403,8460.279708,104.1559753,121.9055481,120.8457031,4399.864832,4422.772939,4705.317806,5.96E-08,1.39E-06,97.48688759,40081.64351,-0.047729492,0.007210047,0.754377883,0.047946711,65421,780.157467,48.24212612,93.21506878
22238250,-5280.472909,4908.251303,100.5523682,110.9341583,127.8422394,3145.238835,3323.681563,4115.041411,5.96E-08,1.82E-06,47.70369087,3066.813355,-0.309860229,0.012184579,0.956356698,0.149415152,65472,3598.244046,274.3771489,120.7477479
21589637,4901.773533,-2541.059257,121.8113251,109.9450989,97.67529297,3364.55539,2690.698036,2656.071354,5.96E-08,1.71E-06,76.90686297,13113.56899,-0.131752014,0.010054529,0.841580176,0.087078219,65490,1856.770778,79.41666736,137.1387906
23588763,-2996.359256,6077.669013,107.5561218,121.4957428,130.8840942,3394.620538,3156.628247,3235.337915,5.96E-08,2.29E-06,252.2845547,147992.3309,-0.067024231,0.012158629,0.899362326,0.131941932,65462,4232.291773,515.6324175,158.6957187
28042439,1870.50036,4401.828362,137.3164368,147.3841095,143.1931152,5513.393001,4798.625241,5046.701446,5.96E-08,4.91E-06,499.539855,360753.1107,-0.171890259,0.014286179,0.966530897,0.155722612,65519,5408.245092,1032.048211,130.6217189
24525679,-3832.883964,3241.083344,113.746109,122.7004852,137.7855682,3096.127785,3189.342466,4090.349298,5.96E-08,2.28E-06,143.1535709,50767.88053,-0.483070374,0.014949866,0.970977156,0.197114413,65491,5961.907176,921.8987288,107.4099186
26177451,95.9791906,1239.827452,131.6690521,131.6459503,136.1212006,3567.274583,2905.966125,3468.1377,5.96E-08,4.34E-06,293.9305976,120532.864,0.139305115,0.018865137,0.942738697,0.212049777,65496,8241.925645,1605.472036,154.8886366
25363529,2119.420614,-186.9541846,130.8800049,128.922348,127.214386,4731.032171,4431.647977,4747.197569,5.96E-08,1.82E-06,255.8675465,209443.2351,-0.131668091,0.007284712,0.732149911,0.049791606,65487,1190.993037,115.3862939,112.6703259
23972340,-953.8463568,-1.618329463,120.9977875,119.891922,124.8991699,3276.831614,3138.849296,3545.547389,5.96E-08,3.30E-06,149.7436385,34063.45869,0.24634552,0.013211746,0.945681571,0.162052163,65512,5368.285856,560.0970931,136.9903696
24973047,-2046.315504,6174.105182,114.0567169,129.6187439,137.3829956,3520.859286,3581.4122,3791.651319,5.96E-08,2.31E-06,89.11530734,12403.47962,0.034835815,0.009369792,0.880037548,0.082484797,65510,1445.349422,55.45942488,126.3088481
23550639,-1744.647004,6694.649865,107.2568817,122.213913,129.8834381,3897.084631,4226.189028,4706.351053,5.96E-08,1.63E-06,51.90056999,7614.514292,-0.145698547,0.008145478,0.816477349,0.069343611,65452,1255.526045,40.77486357,98.57914705
24865552,4431.229329,-605.3677482,130.1107635,128.2927246,121.0147247,4358.642013,4035.789801,4083.93855,5.96E-08,2.01E-06,175.5817588,64143.4213,0.174964905,0.009729873,0.907610216,0.092561457,65482,2002.327127,106.0149711,102.3222999
26199597,1026.390356,2408.926587,128.058609,135.4368286,136.2786865,3760.470854,3819.830665,4144.551423,5.96E-08,2.16E-06,109.2628526,21908.71865,-0.071662903,0.009188419,0.846328368,0.077127048,65482,1316.431637,57.4400411,110.7093028
22829766,-3259.022759,8394.832823,98.97848511,118.1210938,131.2550049,3385.811823,3539.666275,4360.487524,5.96E-08,1.61E-06,47.82438919,4111.175673,-0.357498169,0.009182952,0.896003659,0.082709145,65492,1862.232719,79.2882737,138.6261481
23847832,-2591.301556,5427.554134,112.6575317,121.7991791,129.4323273,4253.358271,4201.071625,4539.67584,5.96E-08,1.68E-06,49.48812483,4552.062691,-0.066703796,0.008252206,0.88109098,0.068457449,65481,1115.478318,40.8324252,93.86800158
23281980,-1422.41932,10907.43119,101.2542572,123.1921234,130.8084412,3898.707952,4042.703674,4772.235339,5.96E-08,1.62E-06,81.74102935,16460.79729,-0.045516968,0.008064963,0.8214595,0.061803864,65487,1159.655988,44.13533939,123.8924778
21815774,-4948.379536,4010.330355,97.67196655,108.7455597,126.4647675,1268.738463,1393.355899,1823.93574,5.96E-08,3.65E-06,187.289552,54055.83487,-0.324996948,0.026561634,0.898635549,0.30065075,65506,13018.57258,3111.286724,149.7996673
23837476,-242.8430064,2328.223294,116.0070801,122.7896271,124.9343109,2681.328472,2560.215738,2740.692111,5.96E-08,2.06E-06,77.85390552,9725.856149,-0.306488037,0.010984172,0.77778715,0.098578894,65486,2210.855085,114.9890907,146.0648083
24009678,-755.9755209,-245.7738846,121.3197327,121.051651,123.9872284,3257.430333,3054.599795,3055.996892,5.96E-08,2.30E-06,96.35025958,16705.20514,-0.327705383,0.00972611,0.866391754,0.085806345,65472,1802.421536,76.39608215,147.003006
27397048,619.9910516,3115.994757,130.164444,141.4008942,146.4804382,2852.268384,3205.343816,4208.614486,5.96E-08,2.59E-06,179.0568347,58077.58031,-0.119766235,0.011139876,0.848565075,0.089271913,65527,2308.830699,178.7462403,126.8936477
24848699,-3458.16551,5128.758409,112.4913788,127.2778473,139.3918304,2593.303911,2494.663783,2680.313556,5.96E-08,4.72E-06,424.6843283,249636.0124,0.096237183,0.018218131,0.840002707,0.165616971,65486,6510.110278,1174.891501,158.776834
22574442,11.06163483,12145.01449,94.17829895,123.2306976,127.0496521,2986.053857,3371.970079,4059.481666,5.96E-08,1.54E-06,43.1766008,3084.208211,-0.047561646,0.010100797,0.922471386,0.101813504,65531,3073.674457,244.7480219,119.1883108
24035245,5635.709946,4430.483196,119.849411,128.6627808,118.2365417,4183.554517,3394.793052,3587.316301,5.96E-08,2.39E-06,247.0467782,112131.5023,-0.19618988,0.009401969,0.841515024,0.079477954,65492,2042.215475,122.4639331,119.0614064
24307084,2501.865812,5889.451125,114.6927185,126.9701691,129.2337799,4301.199157,4207.670848,5444.256489,5.96E-08,1.66E-06,86.72473486,16054.44397,0.104537964,0.009273326,0.882104281,0.072738447,65489,1682.723051,98.99516431,102.7337154
23691771,5873.079375,8424.13076,111.2598724,130.5880432,119.6598206,3691.196337,3555.592865,4064.441132,5.96E-08,1.66E-06,70.04176727,10676.03528,-0.191360474,0.006923071,0.588639801,0.036371196,65532,463.4518395,8.026321493,104.926273
24571078,-732.2995369,4170.919356,115.5022125,128.2589874,131.1636963,2611.546229,2880.575366,3017.321775,5.96E-08,2.95E-06,147.4074732,37954.77262,-0.16355896,0.012876015,0.910535016,0.127812875,65514,3687.127343,273.4764666,126.4683828
22719334,3362.910302,5068.728577,109.9204712,121.0314636,115.7175903,4281.386986,4347.194811,4474.445025,5.96E-08,1.45E-06,139.6734471,71119.12157,0.006721497,0.007135159,0.703702018,0.044289835,65436,705.2874093,39.70338039,101.1160246
25366129,1869.481337,6138.67725,120.6546783,132.6629028,133.7388306,3708.541199,3013.052534,4028.167539,5.96E-08,1.71E-06,81.43198885,12943.76799,-0.413581848,0.011559952,0.89717157,0.115239749,65526,2594.470309,178.2768504,145.2182873
29876077,10.8841343,1319.12313,149.8029785,152.367218,153.7025604,2896.262574,2743.552681,2877.274124,5.96E-08,9.90E-06,588.7809433,417859.3182,-0.081108093,0.016648198,0.843516463,0.116234352,65493,2806.988166,186.2541014,175.0248058
22658182,7078.625394,6119.881175,109.4407349,122.7872467,113.5084381,3978.579282,3484.957437,4103.629659,5.96E-08,2.08E-06,184.6268333,58388.18931,-0.568016052,0.010104629,0.749985929,0.088284007,65510,2638.909955,179.93036,147.2893922
24970205,2847.186417,843.0882991,127.7219391,127.1946411,126.0985107,3654.56851,3189.48601,4334.639862,5.96E-08,1.71E-06,67.78564327,8139.511229,0.068321228,0.010551899,0.909055075,0.100157703,65523,3284.639969,221.8582187,126.5440753
23457422,-4293.207852,6969.358892,105.2145081,117.4022369,135.3151093,3578.446326,3142.328608,4191.135096,5.96E-08,1.70E-06,78.86243083,11484.24382,-0.300064087,0.011710267,0.843292322,0.104842081,65492,2827.235857,230.1486161,126.2808752
27951254,4344.927761,960.7107613,148.7210388,143.9801025,133.8011475,5558.535187,4342.473054,4162.88334,5.96E-08,2.91E-06,456.3232223,439367.34,-0.468360901,0.014543647,0.866968498,0.121001658,65521,3830.507935,784.0140664,169.618978
22583478,5227.438776,9578.145261,104.9451141,124.5145264,115.1368866,4548.946954,3987.199588,4257.64714,5.96E-08,1.48E-06,91.85940593,28114.61414,0.150772095,0.007820546,0.794804273,0.065238487,65497,1114.472222,45.58859355,111.9374727
27121496,-2099.642036,3282.156999,128.1154175,139.1333771,146.592392,3469.663254,3539.454821,3664.512033,5.96E-08,3.43E-06,381.933794,225175.4974,0.1014328,0.012045644,0.937683944,0.141082002,65432,3682.6816,296.647508,137.7236304
23999739,-4369.454927,3361.816044,110.9006653,119.2972412,136.0090485,2380.500936,2473.580013,3273.543421,5.96E-08,2.18E-06,77.39005598,9521.073262,-0.080192566,0.014618145,0.949285203,0.171967038,65519,4765.28986,512.6228179,138.3275419
22361987,2080.739304,15540.35326,90.37713623,126.9733582,123.8663483,3475.687663,4014.346214,4477.713262,5.96E-08,1.60E-06,132.2945416,49628.51883,0.048828125,0.010160858,0.912095119,0.110390483,65513,2811.636831,264.2468504,121.0656117
24012703,1725.112334,1447.982132,117.2913208,124.2922516,124.8211975,2813.271669,3094.60833,3660.797986,5.96E-08,2.26E-06,131.0556453,33782.00243,-0.080757141,0.014371012,0.884649421,0.165780678,65489,6157.115329,822.6920269,145.6457439
20979295,6026.744407,-7595.285573,122.1821594,103.7558594,94.18061829,3996.940359,3624.26376,3836.281113,5.96E-08,1.51E-06,77.6493845,17114.73458,-0.376991272,0.009053503,0.882077611,0.080043352,65489,1571.8408,103.0832541,121.4553119
22488516,603.3122455,5269.524039,107.4386444,115.9886475,119.7202301,4443.756306,4008.73919,4571.988272,5.96E-08,1.27E-06,43.00812107,6521.556169,0.187187195,0.007289735,0.719436894,0.047209672,65504,635.8904397,13.80982317,103.4470854
19088122,412.8663755,2265.288021,94.74920654,98.09553528,98.41688538,2022.483306,1589.258466,1896.373188,5.96E-08,5.04E-06,189.123432,49767.48401,-0.444709778,0.021365131,0.954833293,0.281372253,65509,10595.48932,1890.858354,182.3297721
23458124,-98.17630206,6757.231381,110.5084381,122.4642487,124.9698792,4058.461751,3618.482731,3896.561135,5.96E-08,1.67E-06,67.69008077,8654.49323,-0.200126648,0.00884592,0.810211842,0.077014727,65484,1521.734198,61.07818549,137.1034566
18361199,-7195.386361,24642.55194,55.31111145,101.2606964,123.5978546,1495.7756,2506.386398,3095.857276,5.96E-08,1.34E-06,33.21296916,1526.135282,-0.139823914,0.007550421,0.428796771,0.03049229,65526,291.1848122,6.076302543,124.2557443
23699356,4119.324648,9457.856889,108.3591766,130.6796875,122.58461,3627.205572,3440.557861,3873.697065,5.96E-08,1.80E-06,90.11934008,16234.3268,0.333930969,0.012047338,0.951159761,0.142765962,65523,4584.602523,448.5063119,128.8866072
24697410,-1160.079698,168.9518275,124.197525,124.0778809,128.5771637,3899.658539,3816.047188,3944.609036,5.96E-08,2.42E-06,98.51419426,14692.27778,-0.330108643,0.008956224,0.893751027,0.075781327,65427,984.5605333,33.8744318,120.7857739
24066385,-1849.300134,1095.88163,118.5594788,121.1161194,127.5482941,3308.412417,3243.619207,3506.173815,5.96E-08,3.09E-06,212.8239672,92021.99332,-0.075973511,0.011296509,0.828351884,0.126621348,65435,4503.327307,529.4903686,133.6303461
20089802,-874.2874338,1327.636499,99.66860962,101.5881653,105.2892761,1708.765302,1419.955301,1757.532195,5.96E-08,7.54E-06,468.5431609,283667.3735,-0.359939575,0.024900315,0.932688952,0.299224948,65526,12935.86608,3152.332965,190.1060445
23093476,9227.082274,-1332.586217,125.9669189,121.7288055,104.6827545,4214.002629,4022.776383,4077.368761,5.96E-08,1.44E-06,60.50406956,8572.663718,0.152435303,0.008134869,0.830528425,0.067736334,65513,1144.78593,36.2496308,118.3194505
27179589,847.4177507,1269.247228,136.1403961,139.1361847,139.4510345,4118.308917,4069.742242,4422.88664,5.96E-08,2.75E-06,179.280496,52335.0139,0.278282166,0.009356534,0.812714472,0.073724256,65487,1730.208332,86.14455845,150.6598046
22902746,254.2030382,3300.064838,110.2968597,119.7992401,119.3720703,2303.494287,2430.436731,2431.027305,5.96E-08,3.87E-06,170.710862,41736.05373,-0.121330261,0.01403825,0.787231968,0.132008773,65519,4781.429904,577.9355878,134.2377145
23929839,6120.06624,3988.327285,117.9410706,130.0251312,117.1741638,3526.094458,4102.321344,4242.055635,5.96E-08,1.76E-06,71.75340917,12783.58231,-0.272224426,0.009611117,0.856587912,0.115399135,65488,2787.819551,189.6454654,125.6682218
23770223,1394.610787,8049.576181,111.4215088,125.7010956,125.5822144,4819.457798,4044.353634,4598.150071,5.96E-08,1.57E-06,72.80973656,12059.54024,-0.18523407,0.007290315,0.739258774,0.047370105,65478,681.1036431,16.89117021,107.1012921
24655769,-2293.021436,9469.749888,105.2261505,129.6771545,141.3138733,2769.209949,2629.048572,3049.122492,5.96E-08,2.76E-06,161.2157432,41212.94422,-0.12752533,0.016566357,0.897930687,0.169054353,65523,7811.393683,1349.556008,150.0365912
25058303,-1267.537186,1476.050488,122.3041534,127.4285736,132.6266327,2839.338628,2734.298182,2851.833848,5.96E-08,3.02E-06,147.1826012,33103.95016,-0.47202301,0.012033267,0.893543888,0.110124457,65498,2343.695706,127.1135093,154.9313731
23960067,-76.67387361,8946.756815,107.0436249,127.5861511,130.9718323,4077.033635,4284.632379,4801.250824,5.96E-08,1.66E-06,89.79394504,21551.75086,-0.329154968,0.009123191,0.919656644,0.087214155,65487,1754.2794,103.401326,121.8821604
23911284,882.7885595,4123.99461,115.5862427,124.013504,125.2574921,4121.068307,3906.672929,4588.685239,5.96E-08,1.65E-06,56.47226456,6465.730006,-0.435249329,0.00779259,0.819723927,0.057938681,65486,872.7493501,27.12671939,119.315612
24937742,577.6347493,7471.780579,115.4315948,130.9510651,134.137085,5075.869008,4265.303865,4555.433722,5.96E-08,2.77E-06,204.3987508,64966.82322,-0.052688599,0.009833366,0.893320822,0.103393939,65517,2771.359703,230.2352484,141.622915
22152494,-2274.751666,5733.370656,99.18971252,114.807724,124.0227966,1892.243688,2093.247194,2386.448485,5.96E-08,3.46E-06,180.9405723,47582.313,-0.013771057,0.00936205,0.631123814,0.044428245,65495,620.1747109,17.31826942,173.4950568
23726605,-539.7037761,7531.98041,108.677536,123.6783905,129.6833344,3381.477575,3178.019996,3844.269184,5.96E-08,3.00E-06,247.6845864,88236.50919,-0.471260071,0.011881233,0.839713837,0.124033161,65520,4477.447148,542.1123844,150.5194735
22143453,8324.924669,8785.396647,105.8286896,127.2256012,104.8279877,3626.072444,3207.722526,2859.061888,5.96E-08,1.54E-06,59.28738245,6520.729892,0.004570007,0.010331594,0.891374988,0.104506456,65515,3171.213562,198.2328177,156.5157261
23811766,2157.566513,2715.686033,118.7339935,124.0869598,120.5177612,4137.41476,3912.215842,4046.065999,5.96E-08,1.90E-06,109.9274857,24710.69953,0.103096008,0.009625658,0.911423286,0.100434446,65498,2218.257106,116.1055577,130.1628529
23908900,-1041.776425,4540.668688,112.8116455,123.4854584,128.5237579,4232.784591,4483.201845,4748.165451,5.96E-08,1.71E-06,54.0069022,7539.016916,0.004211426,0.0088659,0.882489426,0.089883337,65478,1556.527091,64.23725631,108.7892312
23509352,1988.925459,16975.56477,88.68165588,136.5732269,133.4693604,1895.695883,2737.89216,2916.865425,5.96E-08,2.51E-06,114.8506104,19400.60175,-0.031616211,0.013735779,0.896606051,0.1259673,65530,3833.245092,339.1160026,155.5360428
22510488,-4805.2264,5141.396348,101.3448639,113.2654724,128.8724518,3083.197429,3333.220143,3943.456067,5.96E-08,1.96E-06,56.27872948,4801.596633,-0.255332947,0.012586506,0.939924665,0.150695517,65501,3906.564897,319.148262,116.297044
21965282,-6246.808929,5571.615092,97.12838745,108.3057709,129.7294464,3181.686306,3124.227076,3878.129514,5.96E-08,1.39E-06,38.68273361,2955.996854,-0.270896912,0.008851702,0.848007407,0.068951522,65475,1034.430591,34.33986213,101.0650152
22772994,580.1380861,2766.588539,112.8031006,117.9748993,116.7103119,3135.436725,2601.885616,2426.089802,5.96E-08,2.69E-06,135.1280686,32105.00702,-0.026596069,0.013413048,0.88413799,0.150666862,65518,4917.282718,549.0062589,168.9655454
22968708,-1966.108219,9573.41416,101.3500061,120.2362976,128.8883667,4023.147424,4123.71223,4789.694569,5.96E-08,1.34E-06,54.23452147,8719.138418,-0.143836975,0.007816524,0.792527347,0.05629231,65482,1177.241774,56.23199402,101.7053436
19083582,-5326.682913,4167.121093,84.68237305,95.34872437,111.1612549,1398.587864,1480.814549,1584.66171,5.96E-08,6.29E-06,271.5208358,106497.3348,-0.235740662,0.029779632,0.97231855,0.328066493,65533,14741.24686,3574.599657,177.5269512
24924322,-168.4429191,2885.066486,120.960144,128.2725372,131.0822906,2337.208311,2192.517963,2275.219653,5.96E-08,4.69E-06,289.1362351,132041.3208,-0.157165527,0.016715143,0.849364183,0.158126367,65523,5139.684738,677.7531663,195.6175801
27176621,-113.3548836,1363.883568,135.2046814,138.7527313,140.7249146,4086.457953,4000.304352,4194.260632,5.96E-08,3.76E-06,126.9177124,21379.88504,-0.104438782,0.011155369,0.892566132,0.124477895,65486,3533.355698,316.5381533,121.603407
23181568,-5131.591042,4135.564411,106.1120911,115.5924988,132.0180664,3132.611612,3355.516133,3983.789743,5.96E-08,2.11E-06,72.62668607,9020.15583,-0.202804565,0.012191876,0.927150217,0.138931266,65476,4145.317205,416.8948647,119.2737159
23769382,4014.448854,3824.463017,117.6257782,125.1697845,119.8964233,4338.202594,3932.493649,4512.882735,5.96E-08,1.57E-06,78.85836897,13508.6688,-0.050979614,0.007350739,0.718673742,0.049792254,65455,809.5067094,21.02130908,104.1062836
24331398,2943.227119,6408.351988,111.6144409,129.953537,129.6996918,2989.410426,3454.291466,4168.070261,5.96E-08,1.94E-06,71.36278351,10702.54749,-0.09400177,0.009566897,0.804454645,0.081305971,65519,1869.883476,88.53172523,117.6278629
22546884,-4695.079122,5407.6111,100.7357941,113.9503937,129.3519592,2570.586064,2664.623043,3004.402889,5.96E-08,2.53E-06,104.5930769,18839.68125,-0.10244751,0.016642869,0.93813015,0.20125205,65507,6549.99758,909.673877,138.9273281
25178234,-2009.020509,2156.772445,121.5850983,127.870575,134.7336884,2732.61962,2609.30054,2688.468827,5.96E-08,2.69E-06,109.5576482,17376.18559,-0.355384827,0.010711478,0.804885408,0.083455715,65491,1684.249963,66.26538883,150.0327318
26920952,-1073.812797,2403.596341,129.9425354,137.8859253,142.9526672,1555.885278,1516.654834,1704.659442,5.96E-08,7.74E-06,472.1964928,304332.6785,-0.03717041,0.026364466,0.695401263,0.216743955,65489,11929.76645,3042.809615,166.991661
25085296,5414.000008,11902.99316,112.6316071,140.2885895,129.8510437,4361.191847,3774.314559,4380.859648,5.96E-08,2.61E-06,191.8307834,53566.56033,0.20892334,0.01117882,0.820551575,0.102784689,65505,3126.064284,310.1524775,172.8505123
24110517,-3348.606341,10925.2643,96.80514526,128.4191284,142.6730194,1511.076961,1616.022177,1858.227297,5.96E-08,2.96E-06,119.7426922,20938.00571,-0.153686523,0.014849985,0.842324103,0.101772944,65533,1969.162697,78.78429387,160.376428
24452550,-741.6081652,188.0739453,122.8737488,123.4565887,126.785965,3383.910452,3333.627479,3654.878643,5.96E-08,2.76E-06,106.794371,18720.70398,0.570701599,0.012489464,0.961720671,0.149701616,65489,4526.519262,441.5126704,136.253282
26340881,-172.6208102,5266.91265,122.7825928,138.5382385,140.6091156,2596.70841,2509.405185,2634.133449,5.96E-08,4.93E-06,266.1821144,102194.3025,0.146713257,0.016711548,0.941981447,0.204304679,65533,8202.78351,1486.176828,166.0253065
23871407,3025.553436,8886.035843,110.3402405,130.1278534,123.7806702,4318.087667,4222.080501,4176.381216,5.96E-08,2.04E-06,211.7569818,80221.83391,-0.12134552,0.007338758,0.727906562,0.056488452,65486,1116.436688,47.03776394,116.569506
24671155,2127.495381,100.7564748,129.6290283,126.0331116,120.7898102,3509.946364,2965.333559,2857.147669,5.96E-08,2.65E-06,164.9775077,44739.35131,0.054298401,0.013394999,0.915408961,0.15059924,65510,4823.993396,506.116343,165.8770555
25493377,-348.7753241,-826.5832089,130.9558868,127.5895996,130.4525757,3609.737113,3401.9447,3772.647226,5.96E-08,2.44E-06,89.50042294,12367.51718,0.413894653,0.012017754,0.951285805,0.145177874,65509,4158.471534,366.6953134,126.6588239
25773164,-3193.784816,9054.938189,112.2631073,132.2129517,148.791214,3735.282352,3427.565278,4784.260287,5.96E-08,4.47E-06,595.7018745,489302.9812,0.047821045,0.013322521,0.844327889,0.115711589,65516,5926.692927,1240.557189,163.1715918
22998056,-4842.019691,5375.610869,102.8025513,116.0017548,132.1181793,2645.338364,2789.515118,3145.507686,5.96E-08,2.80E-06,130.3581847,28594.96296,-0.209617615,0.017486668,0.946546456,0.216650142,65507,7870.629181,1283.339896,137.0852746
18104161,-7579.472244,24520.0234,54.6736145,99.21446228,122.3594971,1446.365946,2382.639202,2928.787479,5.96E-08,1.36E-06,34.13157077,1624.762754,-0.037406921,0.007676268,0.394674162,0.030084299,65531,288.3563851,3.817346996,115.2584556
29767277,127.8339,4550.973117,140.2388306,156.7759552,157.1978149,2224.812558,2336.711385,2403.51632,5.96E-08,4.84E-06,252.9844772,86739.96747,-0.042457581,0.026204356,0.867533394,0.234022283,65525,10882.93697,2492.421051,192.7136105
30793336,144.834084,3416.624203,147.8873596,160.817749,161.1639099,2561.713203,2655.864856,2696.118428,5.96E-08,6.24E-06,447.7763338,292073.6126,-0.213790894,0.033259291,0.95924509,0.297556902,65531,17018.72395,6495.314031,190.4363953
24725820,215.2881538,5527.154127,115.7706451,130.0981445,131.4172821,3256.454309,3229.449444,3391.865625,5.96E-08,3.73E-06,324.8100965,168743.0366,-0.186508179,0.013526339,0.894767959,0.141627983,65516,4786.601477,679.7712289,162.5700133
22766592,-3641.136515,4614.04908,103.9571533,115.2475891,128.1858826,2609.775447,2645.302439,3265.301873,5.96E-08,2.06E-06,65.37045068,6690.333231,-0.102928162,0.013657946,0.946613635,0.165508902,65493,4256.482682,336.8304409,147.346219
23042889,-5667.353578,5455.212035,100.3182678,115.0961304,136.1921844,2009.738092,2344.439367,3226.674293,5.96E-08,2.49E-06,108.4401216,20231.75144,-0.341697693,0.016515214,0.939371458,0.194915369,65493,6412.464571,810.1239317,143.3175181
23645073,-2278.641352,1294.267033,115.3309326,118.6101379,126.8541107,2590.056438,2611.808274,2982.623476,5.96E-08,2.94E-06,119.1891672,22595.25282,-0.333496094,0.014064486,0.94867666,0.168939538,65502,5350.982248,545.9663788,139.5336413
22862968,7196.483647,8752.926771,106.5929565,125.9808044,116.2874451,3547.849758,3477.279752,4765.525621,5.96E-08,1.71E-06,101.5789688,20413.12413,0.13432312,0.010915358,0.836031679,0.096266522,65522,3199.556708,330.7838901,131.7551661
36374994,496.0319212,1328.881661,182.3390503,185.877121,186.8221893,4604.77332,4187.415092,4510.374466,5.96E-08,3.09E-05,2636.273159,7246818.425,-0.305885315,0.131517334,0.935831682,0.299290631,65531,5413.74953,1446.087129,202.7510362
23413291,703.6666208,8631.658223,106.2557678,125.1382751,125.8644257,4025.987256,4127.273605,4510.318793,5.96E-08,1.62E-06,75.39694889,13083.42076,-0.248550415,0.007283842,0.70378698,0.054323076,65424,1260.549386,55.84066872,96.72678616
22633084,3849.699663,1609.621401,117.6326599,118.4707184,109.2500763,2744.524546,2401.36868,2226.626595,5.96E-08,4.67E-06,210.0220137,53352.28726,0.016067505,0.007939011,0.52886584,0.033854635,65487,361.1970055,6.950780295,150.8050352
23480121,-1992.158874,5366.992534,107.6828461,120.7897339,129.8056335,3415.698592,3679.071511,4368.031283,5.96E-08,1.59E-06,49.31108639,5860.352926,-0.009841919,0.008993169,0.869509312,0.079089992,65444,1407.532142,60.48967275,108.2196162
23801077,1300.690315,6359.47216,112.5298157,126.4892731,124.1565247,4281.247066,4263.013069,4344.459234,5.96E-08,1.59E-06,65.51987452,12375.31053,0.043190002,0.007448036,0.767016345,0.052457135,65474,1155.028571,48.84308267,99.58833109
25593752,1909.843687,1678.911682,128.2153931,131.8450928,130.4691772,3895.698662,3743.620657,4155.287288,5.96E-08,2.18E-06,113.8768435,24174.9905,0.246177673,0.010221485,0.870225317,0.094306093,65475,2701.223664,192.3356167,122.0365367
24654805,1688.215559,498.5162526,125.559906,125.7777863,124.8647766,3582.568036,3287.55229,3695.479487,5.96E-08,2.25E-06,97.07978194,15314.56432,-0.267753601,0.013114087,0.961895422,0.169452299,65498,4725.513165,461.9739686,128.8739343
26511096,-1425.348863,2210.855916,126.3297729,135.4559326,142.7415161,2786.02626,3027.009166,3415.001881,5.96E-08,2.54E-06,107.473849,22851.90837,-0.056388855,0.012568857,0.876160896,0.109327747,65486,2393.051045,141.0630787,147.5108637
25402093,-1268.53359,8051.053813,109.637207,136.0018311,141.9661407,1702.216526,2142.298581,2418.964872,5.96E-08,3.45E-06,201.3048331,60132.16441,-0.557106018,0.020832443,0.858579164,0.198368876,65517,8561.719585,1696.841476,156.1670992
23154233,-7635.128484,6831.920681,98.3000946,112.5725861,142.4328766,2718.593094,2576.317851,3865.300396,5.96E-08,1.90E-06,97.68778425,19307.22897,0.012275696,0.0128819,0.883259007,0.124849907,65500,3663.753714,330.1075505,142.9813136
24704403,1589.532987,6778.961439,117.2421875,130.7667389,128.9503479,4975.02655,4269.467852,4638.404365,5.96E-08,2.08E-06,209.7332443,88625.35904,-0.123802185,0.007971075,0.818055287,0.069010605,65501,1379.034667,102.9671982,104.3345996
25189752,1079.755276,3289.147293,122.9497375,131.4719391,129.9434357,3808.708533,3823.669195,3967.311757,5.96E-08,1.86E-06,100.0516629,21596.47059,-0.527107239,0.01243365,0.944901625,0.142128281,65524,4022.408476,672.2298154,138.0861972
21282140,5320.483352,743.1542766,114.7682343,111.7928314,98.17861938,3817.464427,2813.67075,2529.286485,5.96E-08,1.36E-06,38.90354247,2736.495946,-0.074577332,0.012643706,0.947931669,0.141425722,65517,3646.641015,263.7020405,143.5693679
24799785,1248.948432,3385.633557,122.5891418,128.2145538,127.6109924,3796.041675,3354.580447,3713.226725,5.96E-08,1.99E-06,98.82986626,17729.90911,-0.059432983,0.008410889,0.784168465,0.062430851,65463,1433.112878,58.1199204,122.2574842
21999169,1049.671657,13262.654,88.50242615,123.1452179,124.0330353,2567.225427,3710.445876,4386.34774,5.96E-08,1.28E-06,47.33069843,7542.918053,-0.005302429,0.007854797,0.714066496,0.05557339,65499,1021.838708,36.88258669,115.6648087
22978519,-4231.750803,5285.370995,103.4154663,115.9636688,131.2452393,2871.753627,3167.709724,4072.372414,5.96E-08,1.77E-06,53.52728936,4850.555286,-0.271369934,0.011353532,0.927806949,0.128113734,65449,3093.691701,225.1980005,114.7259201
24966312,-911.3152351,744.8348386,125.0346527,125.6581268,130.2629089,3672.716618,3411.98293,3497.469331,5.96E-08,2.16E-06,89.32687125,13482.97054,0.005348206,0.010549653,0.933016028,0.106691172,65500,2409.713996,125.1865046,122.8586438
23235083,1782.103575,10812.94353,101.3498688,127.5508881,125.6384735,3896.252027,4223.305363,4604.935964,5.96E-08,1.39E-06,35.72587445,1878.602736,0.089691162,0.009619781,0.94716595,0.09524828,65522,1628.255013,75.93252512,100.559422
23357245,1115.121638,1098.18937,118.0802765,118.9918518,119.3311462,4151.344767,3795.041773,4217.265434,5.96E-08,1.36E-06,51.49283531,9600.245484,-0.063232422,0.007844513,0.817313031,0.058757452,65423,899.8914857,26.8072337,100.675354
25809788,-468.1080369,2934.643722,127.4683228,132.511795,133.845993,2771.176334,2407.473555,2330.574075,5.96E-08,9.75E-06,780.2299229,745977.3456,-0.223144531,0.022207646,0.901381974,0.196929394,65497,6896.393503,1349.391554,187.2005056
23858516,-1631.607401,2679.552174,114.6062622,121.202179,128.2436218,2666.740448,2537.418871,2891.754613,5.96E-08,2.17E-06,75.84996189,8940.485601,0.073951721,0.013412121,0.909309958,0.142156027,65505,3915.251188,323.6913672,139.4867123
24881316,2213.00857,2848.681252,125.6785583,129.0966187,124.8835754,4149.451882,3592.660892,3758.098628,5.96E-08,1.62E-06,112.4995636,44052.05659,-0.563430786,0.014627116,0.8615438,0.096159964,65520,2400.313888,747.1051235,143.2570295
24304624,3613.865246,2605.640347,121.9707336,127.1440277,121.7443695,4228.675596,3972.689354,4391.018592,5.96E-08,1.83E-06,145.5635714,54458.9764,0.165504456,0.009253896,0.883482005,0.092876434,65461,2510.411434,206.4065977,112.2235812
24429596,137.9513354,3514.455064,118.1941986,126.1457825,128.4260712,4309.407218,4223.272906,4404.097196,5.96E-08,1.74E-06,70.76638548,12903.58171,-0.166343689,0.007762661,0.793224157,0.061044114,65413,1121.614357,40.61308621,117.5017793
23418272,-1132.83652,6339.532339,108.3444672,121.4541626,127.5358429,4274.184245,4575.813847,5015.498959,5.96E-08,1.66E-06,76.91341285,20869.37344,0.042778015,0.00776816,0.783198204,0.062219706,65436,1039.915872,38.77729967,94.98178368
23866836,4738.218645,3663.4555,121.8724823,125.5792847,116.7272491,4759.836751,3917.074402,3972.735498,5.96E-08,1.84E-06,99.50192013,19785.06911,-0.077972412,0.007992067,0.786781905,0.062398462,65484,1116.614357,34.0879815,106.0557874
22906580,492.7979971,6679.529313,106.0456848,120.4415283,123.0394592,3686.704242,3643.06668,4294.486541,5.96E-08,1.32E-06,48.87852062,8631.46127,-0.071052551,0.007431508,0.771426838,0.046829044,65475,594.9198769,18.04885957,107.5692166
26440670,1024.213289,2053.280359,132.4611206,136.4008636,134.5906219,3215.663314,2973.321562,2988.32446,5.96E-08,4.92E-06,372.428181,180971.3003,-0.223365784,0.011102085,0.861713403,0.093909935,65512,1812.356565,79.61760462,168.3586675
22268704,-2503.624717,6879.85828,97.72264099,114.8134766,127.2573395,2143.46218,2347.078795,3137.622848,5.96E-08,2.84E-06,176.5029203,46802.17555,0.019042969,0.009112923,0.715343076,0.05625041,65501,1007.673232,38.78628488,149.7025142
24945021,-1054.518991,4318.62855,115.9720459,130.2915955,134.3671722,2268.736279,2512.693445,2617.972866,5.96E-08,3.67E-06,208.1556771,70518.49218,-0.114768982,0.016036869,0.931522484,0.171745768,65525,6085.465617,709.621587,146.7683161
24086628,2709.040444,2709.707241,120.5337524,124.3431396,122.6558838,4075.697378,3961.498893,4620.87606,5.96E-08,1.74E-06,95.80535237,22058.7773,-0.022888184,0.009196562,0.866605472,0.088645113,65472,2718.240908,253.9907439,115.8493553
21341572,-6868.840217,7101.821176,89.29522705,106.1373596,130.2139587,2196.005309,2762.917137,4055.870603,5.96E-08,2.07E-06,74.96058052,13194.99884,-0.324432373,0.013284827,0.93596011,0.14516827,65497,4682.857357,486.7839885,116.6450252
26190601,736.7370828,2055.994659,129.4520569,134.4398193,135.7449799,2743.541006,2595.485361,3018.606153,5.96E-08,6.51E-06,516.26423,330294.6847,0.057556152,0.019721113,0.952230322,0.217172969,65513,8979.488091,1715.970282,150.3332523
26687102,-5746.105004,3636.146418,118.6251373,131.5170441,157.0706787,1577.12756,1788.234298,2582.566538,5.96E-08,3.28E-06,115.6697298,18583.66978,-0.30997467,0.020815428,0.977485505,0.244202908,65522,7991.32662,1135.070621,124.2949677
24365626,1373.980145,5835.079418,115.2116699,128.8587646,127.7195129,3971.196742,3900.450847,4249.007753,5.96E-08,1.83E-06,86.0579972,16276.83055,-0.253234863,0.009614291,0.878382349,0.094317413,65501,3076.656167,240.6297943,111.2107428
24005950,831.8122833,2619.677201,116.0411072,124.6035919,125.6570282,3034.181812,3134.714366,3388.424561,5.96E-08,4.88E-06,577.8776974,414172.3853,-0.093948364,0.01320439,0.853099981,0.12646966,65516,3774.44401,408.5675998,164.2289651
22512621,1656.129432,6682.155502,105.3800049,119.8272095,118.3081207,4047.190405,4201.930959,4434.374712,5.96E-08,1.66E-06,95.19830003,22095.16055,-0.076774597,0.007210926,0.710603177,0.045527116,65410,769.2579721,31.79891299,127.0137813
23757000,2274.067715,5538.642937,114.8190155,126.5233307,121.1607056,3670.759466,3370.183812,3327.762138,5.96E-08,1.61E-06,55.0090638,5206.327806,0.02495575,0.008754485,0.80278034,0.072228215,65493,1765.249963,75.14330639,110.767938
26056602,2058.291153,418.4737089,134.0454712,134.0955353,129.4511871,2967.785408,2542.004621,2590.096525,5.96E-08,2.97E-06,150.757848,39641.39909,-0.469657898,0.012721472,0.788319249,0.135810885,65527,4251.825827,443.4130526,172.201051
23133395,1285.852198,1644.216842,117.1049194,120.5465546,115.3361206,2467.897866,2316.579864,1986.608672,5.96E-08,4.38E-06,199.551919,53890.70027,-0.352348328,0.017764285,0.928433261,0.214404839,65526,8391.936793,1421.818792,155.0511623
23898012,4270.696297,-435.1908582,123.8484192,124.5544434,116.2518616,3708.292972,3999.994472,4049.334851,5.96E-08,1.95E-06,55.25042292,4594.377083,-0.175392151,0.006655587,0.670628738,0.032577821,65516,381.8893937,7.702447731,112.9221322
23122726,3765.142015,7443.597129,109.0912018,126.3649445,117.3686523,3671.40103,4217.312021,3883.171163,5.96E-08,1.52E-06,68.12413497,14797.81509,-0.116859436,0.005978152,0.315849878,0.019263205,65525,99.56854249,1.247406497,97.02075445
24281953,-136.4346511,1286.028491,121.6540833,124.3841858,124.4749298,2605.555543,2455.255294,2353.785932,5.96E-08,3.31E-06,259.5140857,109857.1575,-0.062591553,0.012001771,0.878817011,0.121534601,65510,4003.872509,343.1516266,141.5003834
23847235,2757.557653,4768.736884,115.0333099,126.764801,122.0818176,3196.405858,3055.344492,3108.15276,5.96E-08,2.20E-06,91.0664889,13401.21061,0.00957489,0.009035549,0.786638367,0.069980229,65488,1578.095634,65.49648061,126.8072356
23287656,642.6029947,9307.052356,102.1064453,126.20047,127.0345154,3267.018302,3631.523563,3974.963408,5.96E-08,1.45E-06,40.41361054,2644.297827,0.053153992,0.01010003,0.937656616,0.103024389,65522,2265.145453,132.5202363,134.0760711
24789433,1762.30835,2610.813501,122.765274,128.071167,127.4202881,4605.691593,4421.417726,4638.345727,5.96E-08,1.96E-06,99.7582452,18657.60467,0.14617157,0.00792407,0.803776073,0.066074744,65493,1318.632647,51.78876503,103.54856
24772074,-1489.853806,2774.201005,120.2633209,126.8126831,130.9158478,2910.976973,2838.181007,2943.654189,5.96E-08,3.42E-06,164.9929559,41251.14869,-0.10319519,0.015808616,0.907282177,0.179978659,65480,5529.717313,632.4071329,139.4777387
23885985,1077.982758,1331.199527,119.46138,121.9708557,123.0389709,2986.468082,2618.516363,2811.094367,5.96E-08,3.31E-06,182.5589437,48873.95504,-0.471389771,0.012534625,0.884519492,0.131748365,65511,3057.195272,199.8337035,147.3860368
27381484,170.6864499,1797.338834,137.0984497,140.3069916,140.4028473,4134.299268,3771.812296,3898.132651,5.96E-08,4.80E-06,327.8566889,147213.9201,-0.597412109,0.011845727,0.90033631,0.150049347,65474,4181.180121,386.7678193,144.3560824
23746435,6572.957724,-1995.510194,123.6356354,121.6271515,117.0790558,2618.736272,3009.240729,3827.958304,5.96E-08,3.39E-06,158.5807999,32370.66325,-0.415550232,0.007391139,0.627374721,0.03364839,65529,373.7178208,9.387394271,129.9126486
22108585,-6025.191457,5682.424991,97.12409973,109.4148254,130.8113098,2726.177699,2982.647591,4208.878672,5.96E-08,1.77E-06,48.80593659,3470.438754,-0.222709656,0.013290302,0.955844785,0.161367274,65503,4156.890799,366.4296106,118.142532
21142898,7268.748604,-1517.490554,119.6441498,110.0148621,92.95600891,3899.95914,3102.717797,3140.893863,5.96E-08,1.41E-06,59.51709365,10514.30178,-0.036277771,0.008805613,0.772832813,0.070990947,65457,1531.456024,68.91721489,126.1092925
25366865,1333.285787,6844.172984,120.4318542,133.9379883,132.6977997,5253.80099,4571.864074,4841.903441,5.96E-08,2.08E-06,141.6240218,36292.35475,-0.161628723,0.00932883,0.908897007,0.096655452,65504,2291.11497,225.9836481,108.6172222
24622805,-2502.560898,5068.214704,113.6611176,125.9993439,136.0537262,3489.101177,3458.045761,3911.838376,5.96E-08,2.32E-06,145.1779726,42035.2306,-0.009628296,0.012274571,0.940550357,0.146037054,65526,4609.359882,477.3794208,141.6881998
26038643,1748.833845,2622.168707,129.1513824,136.2867432,131.8800354,3558.149096,3351.672417,3408.242414,5.96E-08,2.32E-06,124.3710035,25399.87974,0.030021667,0.012326232,0.926578848,0.131033568,65515,3845.039031,312.2680411,125.4863355
22656622,-3908.243245,4612.94934,103.1474915,114.2794189,128.2857056,2741.440069,2904.232502,3648.041328,5.96E-08,1.78E-06,46.66977947,3039.084589,-0.29397583,0.012680308,0.944212359,0.151825041,65487,3530.320164,244.5268611,129.9522847
25279302,-422.5304711,5247.715916,118.8740997,132.1243896,134.7330475,4018.574618,4016.908142,4368.360667,5.96E-08,2.78E-06,255.3303651,109551.9522,0.14339447,0.010916196,0.925305919,0.115483069,65432,2827.500792,252.8770494,117.9841905
24287437,1334.388503,3647.93168,117.0029602,125.7458344,127.8480835,2959.345969,2223.763662,3049.813469,5.96E-08,2.47E-06,348.6584467,291070.388,-0.414924622,0.024404107,0.964738157,0.269009591,65533,9928.971281,2448.448194,161.9076348
24544203,2333.355725,2391.612318,122.8705902,126.5330811,125.111145,4397.475822,4263.320317,4860.336066,5.96E-08,1.94E-06,127.8010885,33828.50342,0.031356812,0.009064668,0.857466646,0.082264069,65458,2450.122113,205.4802239,112.1125203
23437557,1648.959612,6240.322907,107.0928955,124.4823303,126.0535126,2876.951545,3203.559716,4107.737691,5.96E-08,1.48E-06,77.08502618,14242.28619,-0.210990906,0.010891792,0.804947857,0.097295113,65526,3272.857177,363.3906227,127.769625
23438965,3224.713713,10268.4647,109.0984344,126.0048065,122.5469818,5229.550842,4141.721519,4658.241109,5.96E-08,1.51E-06,114.1831215,45831.4609,-0.072860718,0.007794969,0.802156365,0.063197826,65495,1143.691522,40.90927905,94.73724608
23828254,-3369.354642,5234.538981,109.1196136,121.6802063,132.7904816,3219.125539,2921.643612,3044.92798,5.96E-08,2.09E-06,99.80280895,19736.99695,-0.524711609,0.013579857,0.896041513,0.151760496,65469,5159.124384,681.4625022,158.4619506
23903780,-5447.726408,3875.588057,107.8231964,118.0675354,138.852005,2063.565496,2028.772996,2691.429803,5.96E-08,2.83E-06,104.2740592,15709.08987,-0.180366516,0.017638147,0.951824544,0.217073051,65504,6908.407789,831.1999646,162.4259806
25787791,315.616857,4936.541875,123.5262756,134.5758057,135.388382,4107.62611,3693.1202,3993.182915,5.96E-08,4.09E-06,1706.638769,4719670.546,-0.64515686,0.013963733,0.789434584,0.10561476,65528,2754.760677,384.6816851,142.0804714
25041061,2302.545425,-31.79247409,130.3004456,128.496994,123.2988281,3551.980014,3220.182852,3370.186733,5.96E-08,2.44E-06,148.1972529,42515.67383,-0.195724487,0.011926572,0.947075817,0.136538811,65516,4239.523266,403.0433705,141.3505072
24976254,2926.924916,1235.019251,126.1798248,128.8881226,126.039444,3731.501889,3642.988948,4049.2986,5.96E-08,2.45E-06,174.4885989,48532.47819,-0.111541748,0.009500859,0.78233095,0.086555867,65479,2622.874421,177.9764407,129.7460016
24785929,-1116.590138,5565.055519,113.1989136,130.4230652,134.5812836,2145.588088,2497.583772,2620.827744,5.96E-08,3.73E-06,202.675687,58622.2551,-0.167724609,0.014258524,0.880530276,0.131081233,65517,4260.600431,446.7029248,172.7080677
21655496,-4378.705926,4045.9849,98.2596283,108.728653,123.4483643,1736.41854,1866.180872,2255.694905,5.96E-08,3.67E-06,198.8357528,64770.62879,-0.349815369,0.020582114,0.936442295,0.245741024,65518,11420.92478,2492.117608,140.1451894
27239540,-662.3497653,383.1494496,136.8251495,137.5907288,141.2265167,2986.027487,2796.255288,2928.925726,5.96E-08,2.52E-06,99.31228246,15192.93365,0.136962891,0.012390488,0.907588062,0.122086778,65503,3452.025792,253.4335479,157.3467121
24960424,2240.712049,1096.415631,125.55867,128.5252075,126.7819672,4385.688605,4382.69306,4669.836602,5.96E-08,1.84E-06,76.78562911,14587.78017,-0.004005432,0.007578371,0.773243526,0.054159329,65446,726.2874093,24.55522071,103.5826921
25047701,-1031.389602,1722.350945,123.1759338,127.9341583,131.0874939,2995.115135,3035.299269,3111.461858,5.96E-08,3.27E-06,182.0267382,51322.06902,-0.269111633,0.014192657,0.910375286,0.161072638,65476,5826.682825,724.8476775,150.0462836
24981412,-619.2226166,1219.863329,124.2668304,126.3561249,130.5631409,3969.514113,3753.757346,3928.964672,5.96E-08,2.21E-06,99.06940722,18372.25382,0.081855774,0.009893818,0.926695006,0.09624418,65487,1980.943397,93.22008547,108.8781514
24784381,1234.591198,6052.488936,114.9380646,133.0187378,130.2228394,2156.891168,2141.544327,2254.518336,5.96E-08,4.68E-06,342.7469688,170762.9787,-0.11415863,0.013472208,0.90414847,0.122356005,65532,3567.978064,256.1918914,167.3429095
23380813,8996.47829,-3160.266378,132.0228577,121.0858459,103.6541901,4471.851895,3903.973191,3669.564543,5.96E-08,1.85E-06,73.14236476,10320.9373,0.078666687,0.007417222,0.759785693,0.047036763,65502,588.3340905,16.06323615,102.1866962
23551727,6930.136885,-4229.08005,133.3310699,120.8570862,105.1826782,4700.470974,4135.62725,3590.89891,5.96E-08,2.30E-06,62.80299975,5408.789604,0.039916992,0.01034274,0.958256111,0.105492221,65503,2207.505843,140.3755894,104.5157789
25416514,-224.7727355,4284.901695,121.9646759,131.3984833,134.4620667,4262.799183,3925.9564,4251.331325,5.96E-08,3.57E-06,134.586249,24755.99707,-0.118537903,0.011736928,0.927642867,0.135431511,65470,4365.824781,578.5911142,161.079926
24506740,1342.254572,2566.576996,121.9421387,126.5144958,125.4865417,4111.342508,3894.304172,4133.09778,5.96E-08,2.05E-06,101.962685,22820.24251,-0.325920105,0.009050003,0.856416402,0.087791164,65471,2806.891665,182.450362,140.3913891
21903663,2417.456924,11992.31672,94.96188354,119.3248444,119.9366455,3892.845685,3767.778128,4397.006484,5.96E-08,1.53E-06,82.98197033,20743.8357,-0.167869568,0.00755213,0.749128384,0.052930803,65492,870.7554467,26.75480617,119.4073015
21321600,-4238.618648,6760.792899,90.82081604,109.2467194,125.2742615,1825.525342,2538.501279,3536.341376,5.96E-08,2.10E-06,153.84413,55120.76387,-0.286941528,0.015291382,0.938753452,0.206099673,65518,5960.959954,646.2032513,122.2136014
24508661,3705.95327,1747.731473,125.0907288,128.3041534,120.5776062,3928.385872,3655.330052,3792.504842,5.96E-08,1.80E-06,60.24526007,7244.343536,0.078437805,0.008632696,0.845347224,0.075139375,65447,1507.763635,58.93952173,105.4806687
24921336,745.4895407,-820.1368328,129.31073,125.3431702,125.615509,4445.867375,4191.034944,4493.208948,5.96E-08,2.11E-06,84.76847509,15216.65333,-0.196472168,0.010568943,0.943639908,0.125491165,65470,3053.212516,295.7539228,105.2848456
24255908,4237.361185,4988.057922,118.6709595,128.6045074,122.8403168,4780.519387,4400.30344,4730.380431,5.96E-08,1.81E-06,97.46720478,20992.63516,-0.195930481,0.007980314,0.814266258,0.067821271,65503,1265.62655,47.87968136,95.67391399
22055621,-1817.66805,5807.764622,99.41471863,114.2502747,122.8770752,2388.172018,2730.31691,3252.90353,5.96E-08,2.16E-06,98.15258787,14422.95559,-0.030647278,0.008435071,0.717142175,0.049444862,65491,765.2224382,18.58866426,158.3765013
24620282,2223.510529,2446.25726,122.5716858,127.4945221,125.6094818,4314.826557,4050.071137,4584.471717,5.96E-08,1.88E-06,75.52271489,12973.25381,-0.29259491,0.009472735,0.811971249,0.087146861,65436,2713.305879,251.1318173,105.3870615
20825459,-3073.080016,21894.46665,75.9193573,116.236618,125.6153107,3163.363171,3813.630764,4007.433054,5.96E-08,1.26E-06,32.06300984,1593.737129,-0.040328979,0.006267959,0.33978381,0.023895784,65532,253.5929291,4.708087126,106.2929506
22754518,4653.24445,5915.384382,109.6593933,121.8099365,115.7370605,4039.167526,3553.307809,4321.384415,5.96E-08,1.63E-06,158.035753,64882.63598,-0.18460083,0.010845783,0.837127858,0.098154568,65507,3913.965871,531.6774839,112.9185191
22925351,857.2102562,7689.786181,105.9742432,121.3824921,122.4563599,4341.388192,4390.319017,4702.31145,5.96E-08,1.47E-06,102.1091787,38221.84239,0.01020813,0.006726151,0.609075433,0.036986607,65431,461.5584412,13.9367287,98.07760357
24902888,-1467.44288,1985.437009,121.2127686,126.6688995,132.1062469,3032.26961,2929.565986,3072.574023,5.96E-08,2.44E-06,97.45987721,15847.98344,-0.568664551,0.011713973,0.895345309,0.125281955,65489,2797.939392,172.1849703,151.3580179
19131216,-2335.689576,-682.7051022,96.31062317,94.4972229,101.1113434,1155.804713,1152.710014,1307.551979,5.96E-08,1.13E-05,429.8026459,222517.3314,-0.321548462,0.035557936,0.920751599,0.325936921,65506,16104.97391,4898.589818,196.5455838
24048791,-3926.108485,10919.41101,95.58570862,127.8582916,143.5114288,1366.964853,1532.960098,1722.271445,5.96E-08,2.98E-06,115.975915,19618.1873,-0.217597961,0.015043579,0.807477808,0.100416744,65533,2175.944443,103.8802604,156.8831108
22406426,11908.98537,-3101.402814,128.0157318,119.0680695,94.81112671,4337.49519,3854.297262,3460.507601,5.96E-08,1.65E-06,45.80442512,3431.36684,-0.059768677,0.009296728,0.926600853,0.08692493,65530,1630.781925,81.48004556,110.1072796
23686465,2126.564284,543.3806579,120.9795074,122.4613495,117.9859161,2831.536857,2636.351289,2656.062683,5.96E-08,4.83E-06,286.5124046,105154.8311,-0.099311829,0.013742849,0.809775255,0.131872632,65491,4344.418757,442.2912242,149.6355112
22426408,3343.787104,865.7933169,117.15625,116.8243866,108.2191925,2350.131714,2046.718565,1871.724919,5.96E-08,4.78E-06,212.7406349,60097.3984,-0.128791809,0.009083287,0.618332473,0.040441654,65508,486.2152955,15.69338073,152.4030108
22781643,-7577.321525,6338.248117,98.54899597,110.2830353,138.7882538,3082.424022,2954.80281,4415.820627,5.96E-08,1.67E-06,59.93958316,7658.411753,0.06414032,0.010748918,0.83758597,0.089992877,65494,3079.379039,266.5152475,127.4429242
25999825,-780.2880435,5489.539475,121.4892731,135.797287,139.4392853,3354.877967,3076.925903,3213.551245,5.96E-08,2.69E-06,168.229021,53685.15701,-0.33341217,0.013987727,0.902634705,0.166761214,65519,4896.395416,543.5181734,172.8801187
22589772,-291.7390546,5402.192032,103.9063721,118.1706238,122.6155701,3041.635796,3317.199159,3712.619273,5.96E-08,1.60E-06,59.79497401,7915.30737,-0.027862549,0.007914499,0.745999039,0.05033254,65469,848.2701654,25.05652908,130.282396
23766432,694.3599708,-1335.49328,123.0870667,120.0230408,119.5368652,4484.291461,4467.144122,4638.606978,5.96E-08,1.79E-06,63.35599411,9480.873915,-0.198829651,0.007179878,0.666388844,0.044805461,65432,662.4823228,15.03739965,122.4091569
23042925,-4234.339708,3343.317112,107.7277985,115.2605896,128.6187439,3144.284534,3265.630946,3724.27484,5.96E-08,2.28E-06,68.06081111,7885.651554,-0.319137573,0.012445572,0.948724016,0.151838764,65468,3649.925287,266.1500963,101.8527222
23752623,-1259.210144,7180.216158,105.1022034,125.0510406,132.28302,2924.608329,2954.604405,3466.998238,5.96E-08,1.69E-06,61.28267472,7150.654978,0.198150635,0.014461774,0.966018679,0.172719875,65506,4210.94253,435.557831,123.4014269
22996574,4219.57571,8663.96171,108.2567749,125.8778687,116.7652283,4033.902511,3754.410682,3948.85043,5.96E-08,1.79E-06,76.28969369,10458.59118,0.01574707,0.006635283,0.592128864,0.032087016,65469,363.0609665,7.377612183,126.1249775
20945894,-5446.068546,6450.367762,88.06840515,105.7129669,125.8276062,1082.003118,1409.116571,2060.872502,5.96E-08,5.30E-06,469.7735626,311421.8395,-0.287399292,0.031513198,0.961864075,0.32765304,65525,15637.59209,4686.421989,162.1442933
23137781,2635.598217,7755.034634,108.1243896,123.5779419,121.3521881,4281.752105,3590.232389,4124.108919,5.96E-08,1.51E-06,89.12386256,18275.6829,0.086647034,0.008741958,0.892904313,0.0721944,65517,1224.768686,38.54814464,122.3382798
24145273,-2644.534643,5842.547426,109.7533264,123.7447815,134.9295197,2769.931004,2761.947162,3182.513358,5.96E-08,2.59E-06,151.2594875,39351.93785,-0.088928223,0.011381503,0.674600355,0.09380588,65500,3668.32121,375.6169433,131.572681
23365865,-2453.490451,2625.593257,108.4412231,117.3953705,130.6982117,2785.502923,2875.168374,4167.307178,5.96E-08,1.55E-06,64.79345431,8346.841728,-0.46912384,0.011370323,0.913798743,0.105901017,65513,2826.857177,197.0594234,151.11649
23461731,2454.758016,4864.252417,112.4178162,123.2780762,122.301712,3123.831869,2337.545019,3239.081196,5.96E-08,2.29E-06,263.2935372,144078.3774,-0.686462402,0.021078342,0.960430023,0.255759546,65534,9243.118467,2138.213052,172.6515804
21802749,-1443.657911,8646.541282,95.73934937,114.7601776,122.184021,3592.782037,3781.96136,4345.238719,5.96E-08,1.41E-06,58.1447845,8976.254377,0.080802917,0.00778334,0.730676076,0.054334933,65459,1137.40725,43.16047513,112.5293169
28315645,15.98885152,2623.597763,138.0816498,145.0045929,148.9762115,2690.713167,2609.836756,3038.196715,5.96E-08,4.78E-06,203.7318204,52477.51603,-0.205451965,0.013145757,0.866073278,0.094308958,65528,2275.97388,113.0238707,165.3755509
23650984,-4554.888857,4480.748293,108.2385559,118.8227997,133.8240204,3484.024085,3852.348956,4530.391013,5.96E-08,1.99E-06,60.16680591,6113.94976,-0.012641907,0.011640181,0.955966211,0.138057073,65483,3701.75981,306.7490373,118.7189461
21303624,5954.847867,1546.74657,114.4017334,113.08992,97.57585144,3593.689898,2285.557573,2240.907851,5.96E-08,1.36E-06,34.36265619,1730.172975,-0.047073364,0.014699514,0.969510136,0.165899758,65517,4979.332537,438.9268569,135.5090226
23138699,-276.1171258,7618.354519,102.9597626,124.3431244,125.7656403,2649.769331,3264.651873,3468.788871,5.96E-08,1.89E-06,76.06936577,9911.092204,-0.164779663,0.01041777,0.880032799,0.103675009,65473,2730.305879,192.410723,144.8716885
24222855,1726.421146,1698.147846,122.1402435,125.5301819,121.9410095,3038.164307,2626.627904,2616.578368,5.96E-08,2.82E-06,183.6672723,51265.8381,-0.237792969,0.013232209,0.871401063,0.135310621,65509,4548.223843,479.1457383,155.2924533
22736229,2590.291353,8022.537758,105.5848541,122.6726532,118.6698151,4155.153048,4346.245398,4464.007509,5.96E-08,1.41E-06,102.4157722,39621.70249,0.131759644,0.006880776,0.646803106,0.040642077,65446,628.8610024,19.04510492,95.21935623
25578553,-2932.570153,8627.140488,111.3501282,132.8081055,146.1395111,3214.725494,3002.691387,3541.26702,5.96E-08,2.33E-06,144.4649534,36374.43174,-0.085456848,0.012431083,0.943150278,0.136668411,65515,4306.152775,381.4730441,142.9337472
23741385,498.6870889,768.4328387,120.1486664,120.4106598,121.7054596,4049.258889,3888.487074,4169.157097,5.96E-08,1.59E-06,49.52792654,6519.761876,-0.368644714,0.007272364,0.75688986,0.044805549,65448,526.2213921,10.38993735,107.5961896
23046840,-2463.679952,3655.632295,110.1765137,117.3370209,124.1533356,3533.889406,3256.683429,3251.543032,5.96E-08,2.17E-06,83.26370814,11525.39882,-0.162208557,0.009405338,0.6655634,0.082986378,65393,2484.891665,143.5963707,158.1295399
24492776,-1247.61663,1387.499542,120.6324921,124.1577759,128.9398346,3774.553125,3884.299448,4251.779354,5.96E-08,2.47E-06,68.18029842,6294.603845,-0.195861816,0.010212919,0.936602925,0.107002981,65496,2201.363707,112.607741,109.2186825
24828043,-1876.743137,5383.68115,113.5785828,128.5762634,136.6910248,2264.503682,2177.667096,2314.70411,5.96E-08,7.47E-06,637.5501255,513190.531,-0.237854004,0.01535087,0.873649949,0.136764584,65512,3094.538418,202.5886741,179.8276299
23844366,-2007.528626,500.1146461,117.9896088,119.3125153,126.5340271,1638.21173,1640.752844,1804.11313,5.96E-08,4.24E-06,174.7177456,42971.84783,-0.246871948,0.020364881,0.949205389,0.232701669,65527,8624.365292,1365.330199,145.1646377
22345071,2195.155522,9884.625844,98.73324585,122.699585,119.5258942,3556.001047,3479.51763,3722.999085,5.96E-08,1.37E-06,45.79443888,4427.393006,-0.468574524,0.008886626,0.790167968,0.074282381,65499,1831.628642,79.75790319,127.5875126
24536339,3617.065599,6393.797619,116.247818,133.9414825,124.2055206,3110.151401,3011.491006,3007.017622,5.96E-08,2.30E-06,100.6848606,17565.95397,0.002510071,0.010462903,0.898116639,0.103640841,65527,2732.441918,293.65472,137.7022064
25207903,1531.736743,4063.701915,124.6285858,131.271225,128.7422638,5102.283057,4569.415802,4655.757989,5.96E-08,2.08E-06,286.2218391,274582.9515,-0.336921692,0.009021878,0.868383413,0.083742578,65507,1565.714862,135.3319768,128.4651507
28155325,-1476.680061,3614.639004,133.3226624,144.3601685,151.9333344,2448.896377,2318.749887,2617.281582,5.96E-08,4.25E-06,236.2241644,89288.40124,-0.380645752,0.025934368,0.929136601,0.296482269,65518,12837.08625,3296.159555,154.3409978
23107498,-4147.919438,4434.884531,107.3121948,114.5066986,130.7735443,3766.810127,3202.67833,3897.797152,5.96E-08,1.53E-06,54.41724951,5602.473966,-0.066993713,0.010624261,0.907676026,0.095648025,65510,2868.40743,213.8271368,104.8277883
22620090,-1291.356495,8925.538304,101.5121613,119.8599701,123.7830505,3193.033513,2962.520476,3281.422293,5.96E-08,1.91E-06,102.1834915,17988.43168,-0.082702637,0.008530976,0.740505447,0.056757587,65492,895.8975824,24.21638705,123.1705258
23525313,-882.488,6089.522165,108.4817505,122.1286163,128.3574219,4167.820315,4458.275923,4921.742367,5.96E-08,1.64E-06,74.36522081,21742.05221,-0.004745483,0.008584174,0.863011255,0.082029694,65460,1329.674278,47.98337582,100.3009028
24150630,-4489.118444,3244.924971,111.123703,119.8244476,137.5612183,2020.820345,1987.522908,2593.329901,5.96E-08,3.38E-06,257.239235,144392.2408,-0.071258545,0.017700195,0.951093447,0.205809491,65524,7558.356057,1256.181813,139.5312712
23053692,-2387.900956,1681.860351,111.5566254,115.6697845,124.5450134,2628.821073,2624.149091,3066.469165,5.96E-08,3.13E-06,205.7932943,72780.45452,-0.198196411,0.011759698,0.858938932,0.114865896,65476,4724.483728,514.5077285,160.036434
26086453,3926.161062,3194.132701,129.4252625,137.2386932,131.383728,3197.222198,3086.351152,3744.899231,5.96E-08,1.87E-06,79.0055474,10443.47501,-0.226043701,0.011937821,0.877284736,0.102186466,65534,2089.357611,97.93897768,146.0671162
25729630,-927.1647465,4682.135957,122.5952911,134.1449738,135.8627319,3861.087782,4005.669214,3904.786699,5.96E-08,2.18E-06,79.516342,10558.81062,-0.176803589,0.009884753,0.821215069,0.09902311,65466,2506.358657,179.7594878,111.7595552
25544828,1727.643064,980.1611352,129.132843,130.7382813,129.9120178,3822.394676,3615.04866,3936.851054,5.96E-08,1.98E-06,184.2357603,104250.7546,-0.407943726,0.008390442,0.803290062,0.074343122,65494,1968.450973,180.0906139,121.0055516
22261905,-5070.957209,4824.603497,100.625412,111.2792511,127.7850494,3021.140339,3171.164191,3963.290787,5.96E-08,1.73E-06,44.54216985,2711.234071,-0.116233826,0.012011758,0.950634137,0.139385883,65485,3093.379039,209.0491424,116.8054473
23304449,-755.5053585,6501.876016,106.9647522,119.2398071,129.3931122,3253.216165,3070.621905,3749.241108,5.96E-08,1.80E-06,117.445971,30368.94817,-0.075134277,0.007367543,0.574317881,0.035807887,65504,402.9310242,10.86182061,160.0385472
22781088,-959.4715388,4198.754954,107.4077759,117.2068481,122.9971924,3256.848123,3326.027313,3573.059562,5.96E-08,1.62E-06,69.19002281,10409.97739,0.100158691,0.009870356,0.864884947,0.097477589,65495,2823.163743,195.8354491,151.321408
23185871,6326.677418,9381.645645,106.6769257,128.0713654,119.0400238,3956.06617,3876.038929,4785.800232,5.96E-08,1.55E-06,140.3317244,55307.8736,-0.079101563,0.008248679,0.80556242,0.069586388,65520,1625.166702,95.42990504,111.0853531
26196073,779.8336332,257.2132627,133.2360077,133.6780396,132.8063049,4114.683909,3981.226572,3955.677936,5.96E-08,2.31E-06,554.0115716,921875.4264,-0.184829712,0.009831767,0.838433512,0.097931572,65503,2916.537372,371.6228469,123.5432063
23163665,-5838.36997,4716.773811,102.0706787,114.5326996,136.8460999,1912.105265,2121.747405,3024.955776,5.96E-08,3.34E-06,236.2856829,93082.1289,-0.206321716,0.018909094,0.952148443,0.223230336,65503,8685.997759,1517.802248,148.9890322
24015515,-687.0692743,4079.392245,113.3723602,124.8438568,128.2314606,3321.704533,3640.408923,3936.590393,5.96E-08,2.04E-06,55.78728039,4391.873367,0.158027649,0.008522996,0.856472776,0.071053591,65512,1815.69971,91.78709983,108.7568892
22517708,1043.337032,5041.783793,107.1673889,117.681488,118.7440796,4196.193416,4081.511648,4519.492122,5.96E-08,1.36E-06,99.84273695,44486.53997,-0.097335815,0.007110187,0.685154469,0.042399051,65407,726.3879144,30.45577706,93.25587812
23597966,3842.466259,2243.958712,120.471405,124.9847107,114.6202698,4351.417456,3936.173655,3701.252259,5.96E-08,1.50E-06,44.98645756,3522.595352,-0.113075256,0.00797187,0.812102023,0.070736583,65493,1174.430591,40.9165259,112.6683196
22634395,3280.322951,6774.865836,108.3175964,121.435318,115.6205444,4668.524285,4346.823636,4406.955836,5.96E-08,1.38E-06,110.9341668,48493.59051,-0.078697205,0.007259122,0.734246849,0.046961426,65438,834.4417382,39.10032571,94.57230286
20018634,-3610.99763,7304.878256,86.11135864,103.3350372,116.0137177,1971.336842,2238.304788,2981.14387,5.96E-08,2.04E-06,64.41336318,6844.641238,-0.357826233,0.016318243,0.97285681,0.209077105,65531,5480.835062,540.051697,147.0635972
24196073,-2312.574658,9578.75142,101.5121155,128.1946411,139.4960175,2112.857824,2333.664477,2832.114272,5.96E-08,2.94E-06,195.5099541,67490.49071,0.028022766,0.019787339,0.815827422,0.180295958,65505,8388.431129,1886.488739,189.4750893
24221122,-1281.815737,975.2252241,116.0838165,123.3518829,130.149292,3379.81019,3974.49039,4608.530111,5.96E-08,1.93E-06,117.4844621,48642.36882,-0.006660461,0.007786144,0.767597605,0.053302957,65340,1055.045815,52.68830696,110.3925812
26108594,-1463.517715,4054.39638,121.08992,134.1285553,143.1670532,1712.043504,1769.094023,2186.386369,5.96E-08,5.18E-06,239.96361,79447.71022,0.008201599,0.023296908,0.931261639,0.223440251,65524,11139.15331,2337.195725,153.4062971
24017930,7682.807454,182.4189057,122.5446625,125.0004883,118.9393768,3893.157673,4045.126404,5570.027102,5.96E-08,1.62E-06,92.74342153,22520.04611,-0.120422363,0.00874177,0.827679128,0.074649072,65525,1966.232719,142.2754515,118.9801093
20177741,-7192.997197,7846.283348,81.73883057,100.717865,125.4311981,1352.749784,1797.708852,2720.73013,5.96E-08,4.13E-06,368.1516022,225029.9717,-0.296653748,0.023403233,0.93601353,0.262868523,65518,12807.01623,3371.969084,150.4982027
24073927,1122.07841,5931.472668,112.8453674,127.9150391,126.5785675,3589.848525,3638.654677,3800.181083,5.96E-08,1.70E-06,69.985716,9859.400553,-0.118049622,0.009087033,0.88578495,0.081812335,65504,1543.355519,59.93806617,154.1149431
25048179,-682.6827686,4280.639545,118.7225037,130.1995087,133.2828674,4043.895225,4268.486731,4447.680362,5.96E-08,1.84E-06,82.64398388,15355.97083,-0.415901184,0.009565229,0.879420881,0.087540236,65443,2025.268253,122.1299467,118.3855521
22573631,-985.9198108,18480.99888,82.32637024,125.0917053,137.0281982,2627.973454,2991.611616,4573.525908,5.96E-08,1.63E-06,70.23534999,9182.991616,-0.083023071,0.011196984,0.852090828,0.103901771,65525,3020.592242,216.0129008,126.3635142
21912222,-940.6368504,12683.29243,91.44134521,117.8726654,125.0399628,3727.2006,4017.881933,4889.342168,5.96E-08,1.29E-06,67.75867251,19274.32045,0.011962891,0.007152503,0.665006263,0.042835312,65462,595.3340905,18.86992491,90.68691134
24138194,-539.8242474,4355.4349,113.3029785,126.3275299,128.6891022,2762.077088,3063.549478,3199.10221,5.96E-08,2.21E-06,73.52984237,8402.065287,-0.315414429,0.011058521,0.878849693,0.102771731,65497,2824.904905,166.3518148,118.0583725
24023890,-2531.559081,2175.383668,117.1121521,121.3756409,128.087677,3503.455439,3408.014412,3417.363559,5.96E-08,2.14E-06,83.73599172,12728.08997,-0.239646912,0.008427891,0.751335531,0.064673237,65444,1061.915872,29.76137202,117.7201699
22608078,7043.002947,8024.732798,108.1963654,127.1812439,109.5942841,4151.671417,3782.180621,3710.361869,5.96E-08,1.40E-06,59.34918825,10538.73477,-0.404441833,0.009626194,0.897183517,0.096861989,65495,2624.418577,238.819625,144.9448742
23360599,1637.576105,7834.444481,106.3068237,125.7173004,124.4303284,3442.141699,3006.750937,3340.608946,5.96E-08,1.37E-06,35.99954283,1938.799184,0.148880005,0.009719642,0.906688424,0.087269066,65525,1487.514898,59.69993377,119.6220594
29689352,278.5768075,3970.802452,143.302536,153.6778259,156.0431976,4002.661356,3548.026544,3975.638042,5.96E-08,3.87E-06,260.0588708,100930.3956,-0.044288635,0.01442107,0.927184152,0.134533956,65519,3735.812588,359.6001234,148.4189858
23315079,-2336.397425,4932.573353,104.5164948,117.9720612,133.2713165,3040.334384,3234.724973,4337.396556,5.96E-08,1.67E-06,80.05378733,12749.5323,0.017417908,0.010504379,0.882611952,0.092537569,65491,2493.027704,164.5123761,141.5925929
24741067,286.4177666,-203.1700577,126.2747955,125.9480133,125.2959137,2495.896304,2466.927916,2413.772344,5.96E-08,5.16E-06,307.9086064,134570.7132,-0.001502991,0.01669081,0.887849017,0.173398588,65501,5254.543648,643.7678284,164.7996305
26016854,-124.279922,4187.521407,125.0307465,135.1005096,136.8544312,3842.849839,3824.628493,3921.07375,5.96E-08,5.43E-06,439.3325629,231715.0383,-0.266845703,0.010763601,0.911110416,0.099650357,65496,1913.415439,95.95061582,120.7123173
24466890,1698.235049,2810.573933,119.3019257,125.4953918,128.537796,4350.457104,3922.454691,5042.916815,5.96E-08,1.95E-06,108.1527649,20823.55596,-0.134635925,0.008042498,0.847482635,0.050897609,65471,993.2468248,114.5084542,116.0157876
26062158,387.8904994,2392.654642,127.5540771,134.585022,135.5378723,2694.072118,2571.751896,2777.296051,5.96E-08,4.49E-06,350.1086006,167725.8112,0.276771545,0.01204728,0.893380345,0.092284339,65495,1520.118974,58.36477786,178.4350096
25040707,329.1683344,1023.465039,126.9820251,128.1716919,126.937149,3652.949567,3326.321749,3368.03235,5.96E-08,2.77E-06,98.40904313,15850.85553,-0.493438721,0.011846163,0.79871303,0.133952073,65357,4346.726368,387.9612218,158.6016349
28249550,2439.223756,3151.716196,140.678833,147.636261,142.7388306,4185.322938,3757.298144,4137.346402,5.96E-08,2.38E-06,126.6479154,29604.15119,0.013000488,0.01260266,0.913392124,0.115292477,65517,2862.163743,253.8358828,125.3995531
22508833,-872.7488445,15163.53381,88.23974609,123.812088,131.4057007,2723.572283,2887.656019,3502.689808,5.96E-08,1.92E-06,76.7680856,9633.21381,0.054145813,0.011042467,0.885690467,0.093018285,65523,1867.688563,104.3496642,125.0514465
25616351,-3641.5877,7373.195886,111.8677521,132.1180878,146.8886566,2978.287,3385.305071,3998.288491,5.96E-08,2.33E-06,138.3825233,41821.70102,0.157150269,0.010849677,0.898346224,0.102022665,65497,3030.781059,211.6044781,159.5383517
22908934,-2736.84805,2946.472885,107.9910736,115.6381531,125.9333649,2672.6293,2570.163867,3034.525818,5.96E-08,3.17E-06,182.5933846,50603.14556,-0.063987732,0.013262092,0.837344669,0.13309819,65494,4595.804579,438.0303664,174.2294739
24029729,-1955.28091,3544.061515,116.5429535,120.7095795,129.4120331,4385.588579,3714.244529,4071.103407,5.96E-08,1.78E-06,755.4290767,1500777.249,-0.430809021,0.008896839,0.622797615,0.056146895,65501,1262.738203,187.1566753,107.9312184
26663169,581.2168322,3399.913971,128.3089142,138.0141144,140.5246429,3537.278611,3663.335906,4311.821902,5.96E-08,2.34E-06,120.2791357,25222.96093,0.012062073,0.011067197,0.938862575,0.10936485,65503,2620.856131,194.7469773,116.9222322
22230280,-6149.947626,6175.008243,96.97502136,110.8652496,131.3668823,3006.685121,3396.047989,4309.78242,5.96E-08,1.83E-06,47.17107289,2986.627306,-0.288345337,0.01168732,0.948046585,0.134821756,65485,3615.061325,287.8554577,116.9974046
24429581,393.0777664,6827.724677,112.3796997,130.1517029,130.2344208,1859.41375,1616.057522,1757.348993,5.96E-08,1.13E-05,679.7967046,578681.9256,-0.046524048,0.040891067,0.973945515,0.3402988,65527,18102.85598,7297.549175,200.4167753
23241932,2400.45835,4485.599185,110.4275055,122.1166687,122.0995636,3814.214013,3569.972594,4054.731771,5.96E-08,1.59E-06,111.3766872,27685.75396,-0.153411865,0.010541576,0.928084368,0.112819344,65527,3467.249096,273.4443409,150.3134262
24008875,169.5375051,7033.726579,108.1958771,127.8201141,130.330368,2217.886116,1770.999517,1936.362949,5.96E-08,4.64E-06,374.5364023,217472.4435,-0.053657532,0.018229411,0.870716797,0.152750444,65516,5077.155913,555.9720788,162.7329169
26579127,601.0972588,-1638.907205,138.7422333,133.0838165,133.7392426,5328.058633,5165.356485,5423.139205,5.96E-08,7.00E-06,2387.747126,6875057.786,-0.11403656,0.029236025,0.95312361,0.169588605,65487,3869.833837,663.3787277,101.8602747
22908452,-2767.137754,10739.86854,97.57147217,121.0105896,130.973175,3610.446094,3813.478342,4329.498212,5.96E-08,1.44E-06,66.82454619,9378.577891,0.04776001,0.008942353,0.862566219,0.077500385,65494,1822.249963,104.2299469,116.7451142
22667534,2314.233202,151.606432,119.5992737,115.5036316,110.7762146,2933.953676,2315.361468,2635.387573,5.96E-08,2.48E-06,130.5342937,25815.8316,0.013221741,0.014370604,0.885424963,0.14649262,65505,4853.077703,455.5099292,141.7308964
22597207,-2352.271412,4401.122314,104.5590363,114.994812,125.2521667,3039.06579,2941.941105,3322.036632,5.96E-08,2.06E-06,161.6051402,46301.6505,-0.016304016,0.013146988,0.829970276,0.136886452,65480,4943.928425,620.5073154,175.3124376
22286250,-4231.902902,2723.255907,104.1338348,110.6280212,125.2993317,2194.938372,2261.189696,2809.238968,5.96E-08,2.89E-06,131.5268924,28437.08529,-0.347503662,0.016973509,0.962852741,0.208984557,65507,7598.39978,1020.92819,128.8604371
26766656,1541.460295,4633.854478,130.2559814,139.6694183,138.501358,4316.156458,3752.325423,4331.413237,5.96E-08,1.94E-06,128.7818479,32992.33064,-0.472969055,0.012541214,0.926573671,0.154585804,65531,4517.849168,669.099322,147.3191234
24765582,1852.167191,2205.047519,122.4570618,127.421524,128.0142059,4107.502398,4244.107214,4942.360257,5.96E-08,1.98E-06,145.9789348,44636.87319,-0.033027649,0.009340419,0.875351878,0.084647361,65453,2061.356565,157.4176152,116.7402439
24183868,2618.667774,2523.015719,121.8834076,127.5879669,119.545166,3290.165895,3073.001081,2895.580266,5.96E-08,2.97E-06,185.980216,57237.95199,0.111221313,0.011191723,0.907771518,0.108785201,65504,3096.035893,219.3602482,141.0871981
25703843,1090.549602,-656.1536031,134.0533905,130.8453064,127.3108215,3167.982547,2966.101772,2847.840249,5.96E-08,3.49E-06,234.4742289,88407.4768,-0.062606812,0.011550814,0.916845873,0.120322002,65509,3844.315113,347.3038966,127.7570727
21741424,-5376.712502,6622.167026,95.06092834,109.7034149,126.9834595,3126.139278,3292.674138,3934.356141,5.96E-08,1.95E-06,58.75435834,5759.723761,-0.240257263,0.012784604,0.938756604,0.153561494,65507,5017.835062,509.4890851,119.9633242
25021826,-155.066426,454.185997,127.01297,127.3062286,127.4835663,2986.321579,2793.505269,2696.736577,5.96E-08,3.28E-06,189.9953831,55563.68504,-0.496665955,0.011311953,0.820875043,0.113023796,65519,3110.940438,238.871175,172.0617979
27103309,2448.751914,2082.442186,135.5887451,140.5821228,137.392807,3592.151945,3149.444702,3580.513443,5.96E-08,2.77E-06,142.6053154,31217.45033,-0.098991394,0.010193715,0.927316931,0.095976765,65527,2064.285497,127.797555,149.6273774
23695584,851.6896248,6496.716121,104.8372498,126.1370544,130.5916138,2779.850954,3830.77391,4812.9122,5.96E-08,1.75E-06,87.62421368,15874.76096,0.169258118,0.009626999,0.8268257,0.081496356,65482,3157.022654,269.9780077,120.4214188
22560567,-3693.336702,8101.790765,97.33781433,117.3980865,129.5110321,2896.6597,3494.324697,3950.27298,5.96E-08,1.92E-06,59.26290744,5627.142308,-0.220932007,0.00869831,0.767916338,0.07047719,65465,1889.682466,86.1986774,114.5163953
25342318,-199.0799359,1172.814747,124.6464386,130.0484009,131.9982452,4769.314097,4973.927711,5185.971936,5.96E-08,2.19E-06,117.2454877,21622.03556,-0.009437561,0.007570037,0.798991277,0.055847553,65408,799.6011178,25.27825015,116.2773218
23882327,2879.37479,4445.115384,115.6893005,125.2305603,123.4955292,4207.196251,3945.664676,4663.803569,5.96E-08,1.55E-06,64.99433243,11619.81583,-0.032737732,0.009333935,0.911006548,0.089579245,65487,1757.735244,76.57316917,112.4274054
23180063,6402.299956,1707.412551,123.3311005,123.637558,106.7310333,3745.292304,3109.312468,2858.58676,5.96E-08,1.68E-06,61.1459337,6811.23935,-0.054031372,0.008841436,0.821958355,0.072202004,65505,1927.646932,79.35283159,122.2026835
23428555,-4173.661532,3056.071313,109.5642853,116.9159241,131.0111694,2625.852435,2699.925823,3097.837522,5.96E-08,2.53E-06,89.90558055,13715.83469,-0.149467468,0.01508433,0.957210999,0.199144894,65512,5731.149817,583.9127783,151.0835824
22277788,-5365.555993,5606.312271,97.49719238,111.6436462,130.7912292,2204.228996,2531.500575,3431.016718,5.96E-08,2.06E-06,69.11266857,7728.064249,-0.257011414,0.014946868,0.944506296,0.191359314,65515,5752.10714,670.1713508,134.4791049
25333009,-1622.961547,2219.818469,122.0152893,128.6845398,135.8512115,2561.534861,2602.318423,2891.157656,5.96E-08,3.72E-06,179.2207475,51269.05918,-0.24848938,0.013758055,0.829585808,0.122171298,65507,4081.092855,383.1612161,153.6395968
24061401,679.0304937,5347.820533,110.7331696,124.0706329,132.3440399,3268.511092,3002.337708,4170.714477,5.96E-08,1.52E-06,53.43381681,5348.393147,-0.119400024,0.010849417,0.829550484,0.092193169,65507,2450.152596,137.7768051,133.7726272
23242151,694.4009317,2719.418932,115.954071,120.0224609,118.6705475,4674.348538,4109.633254,4093.947629,5.96E-08,1.65E-06,63.30027724,8729.058701,-0.062164307,0.007082807,0.745070048,0.04350327,65441,563.4701295,18.68363205,96.38999385
22900003,4243.013471,3612.643133,113.8357697,121.6529694,113.9375763,4357.849905,4442.17704,4420.561579,5.96E-08,1.51E-06,173.0785019,100362.574,-0.056427002,0.006900731,0.681384306,0.040501687,65429,680.9381669,38.10352965,89.69051427
22845285,1296.87999,7457.43542,105.8852386,121.2060852,121.500061,4281.538115,4384.363504,4705.508209,5.96E-08,1.53E-06,103.7448936,37016.80117,-0.063850403,0.006814362,0.637794586,0.038700163,65425,602.2691193,22.70504593,101.8660771
22913819,439.9183379,10626.86083,97.63011169,125.070816,126.936203,3051.93232,3547.137365,4014.099613,5.96E-08,1.54E-06,62.91386369,10555.02682,0.034431458,0.010783726,0.948110169,0.116798358,65530,2831.141449,184.942295,128.4554652
26220464,1131.864662,1390.533179,130.4540863,134.706665,134.931778,3795.495023,3732.644423,4029.224365,5.96E-08,2.32E-06,127.6985807,30658.90433,-0.182434082,0.009763243,0.861330537,0.083729035,65496,1579.669227,60.41770213,137.1229941
23807011,4142.221123,4878.712531,117.7100525,127.8084259,117.7476807,4014.881873,3641.169522,3630.637019,5.96E-08,1.42E-06,50.82076867,8417.536557,0.016952515,0.008899951,0.902434948,0.072990724,65476,1507.574819,63.61772312,126.9884753
18488149,3427.560559,7542.749866,84.56596375,101.1114655,96.42933655,3270.797925,4003.218792,4137.365307,5.96E-08,1.59E-06,122.0268689,35642.56056,-0.351417542,0.010712245,0.841795351,0.10998137,65479,4032.303966,489.6221012,135.6983704
23176127,-191.4170285,12120.22492,94.56803894,124.7722015,134.2993927,2886.625101,2638.457065,4021.599314,5.96E-08,2.07E-06,118.6609062,25250.71751,-0.122589111,0.016560563,0.961895418,0.185028289,65516,6490.170199,879.8503852,169.5310998
23166838,-2886.55891,7650.485363,103.2966461,120.3991547,129.8020935,3783.884947,3886.962792,4292.186388,5.96E-08,1.45E-06,45.94374254,3768.017381,-0.278160095,0.01020055,0.929823546,0.111583646,65504,2725.974926,167.0183779,117.3851879
24799567,-1208.809708,3787.11462,118.2018433,128.2397003,131.9698181,4280.863098,4493.681237,4568.542271,5.96E-08,1.80E-06,66.41430504,8967.887451,-0.135780334,0.009137276,0.916861334,0.08932835,65455,1765.273303,89.63882653,103.9172026
22470818,2865.144531,-43.1185094,119.5149536,115.0775299,108.2849884,4101.097524,3496.549577,3532.93076,5.96E-08,1.32E-06,35.72959355,2648.701586,-0.305366516,0.007757822,0.807745651,0.054094498,65479,685.4467889,16.32240117,122.2020674
24180185,5331.823002,3749.900983,120.7452545,127.5678253,120.6472626,3503.737397,2915.389656,3911.421307,5.96E-08,3.57E-06,321.8803338,138452.6956,0.090660095,0.014742824,0.842825528,0.143340842,65524,6258.8382,1013.145939,154.7194728
26990341,3634.845243,4179.767599,134.7962646,143.2176971,133.8259583,5135.926418,4540.22011,4572.902174,5.96E-08,5.98E-06,2597.467872,8347820.709,-0.491622925,0.023770917,0.920639802,0.146134954,65503,3767.200323,729.7293816,134.7487781
23663442,2990.027569,6288.22669,113.3902283,126.6130371,121.0722046,4311.4968,4013.905436,4201.110143,5.96E-08,1.61E-06,71.18566967,12662.88748,-0.417411804,0.007481076,0.753318388,0.055332722,65464,1028.773737,28.14135868,117.4694745
25896623,5210.378486,-1676.740686,136.9705048,132.05867,126.121933,3955.38858,3717.243338,4379.526407,5.96E-08,5.62E-06,707.2491374,632467.2499,-0.032058716,0.015833608,0.904449588,0.165523955,65517,6916.042169,1517.133636,170.5428969
24527947,2801.006903,15260.35695,102.0722504,139.3387756,132.8557434,4627.714796,4744.72477,4856.739322,5.96E-08,1.81E-06,311.1570785,211263.7283,-0.003448486,0.009458083,0.591688181,0.041021444,65508,1512.140223,663.1347642,107.3468066
24399253,-758.5466857,3562.488109,113.8816681,125.5810547,132.840332,3302.249898,3551.933127,4377.75893,5.96E-08,1.77E-06,94.67494533,16897.91721,-0.065567017,0.009599317,0.799039884,0.081605234,65477,1699.160605,82.330117,148.2537641
23516093,-639.6906879,6769.322138,108.8615723,123.6932983,126.2722321,4311.432284,3897.496449,4171.562593,5.96E-08,1.54E-06,57.53395625,7181.041094,-0.155708313,0.008466033,0.805152941,0.074409754,65443,1733.587012,79.60947716,94.16106827
25191224,7.202234471,1167.596215,127.0295258,128.5577545,128.800293,3553.065367,3438.084463,3461.812046,5.96E-08,3.00E-06,167.8497462,43340.62648,0.055671692,0.009209107,0.735565713,0.077847868,65467,2135.742387,129.0703168,110.4205306
25764932,1913.918401,2724.671485,128.4179077,132.1950684,132.5286865,3573.199834,2813.499943,3499.658143,5.96E-08,5.30E-06,456.2905398,272798.4257,0.018157959,0.018150964,0.93278511,0.1889417,65521,7128.269658,1309.019221,163.7990528
23132044,-3924.813993,3087.053607,106.7129669,115.4720001,130.7820129,1670.410822,1860.562204,2450.949644,5.96E-08,3.03E-06,181.903319,60222.80377,-0.299324036,0.021456525,0.956179593,0.25527174,65521,10849.03243,2145.45831,159.7288197
25106173,-3034.949156,-593.1409448,124.7622375,122.8631134,135.464447,963.0078306,1082.211746,1507.355731,5.96E-08,5.42E-06,251.8878863,96314.65306,-0.317909241,0.02786495,0.970895542,0.327333407,65536,16183.97077,4483.428931,164.8397185
24625712,-2467.843027,4668.320065,116.3323059,125.6588593,133.7673798,3914.945298,3926.509828,4297.571056,5.96E-08,1.82E-06,49.52767926,3622.620846,0.035621643,0.009769634,0.934469484,0.095009672,65487,1863.646932,88.42325766,104.5636677
25670131,3362.829501,1096.93424,130.1068268,132.6470795,128.9412079,3732.41942,3450.283818,3939.12284,5.96E-08,3.73E-06,239.3076503,79600.53627,-0.080223083,0.011213863,0.91649189,0.115782248,65493,2479.536326,139.4751607,144.73185
27809412,2979.253616,4576.171861,138.2607269,146.6293945,139.4478302,5391.5932,4522.587658,4659.414057,5.96E-08,3.29E-06,284.2545971,127831.9234,-0.435600281,0.01168993,0.809337135,0.119925156,65481,4029.557754,731.7819747,141.0586829
22547128,1668.031575,5168.145305,107.0843506,119.0672607,117.8902588,4211.571407,4387.79876,4700.88142,5.96E-08,1.39E-06,84.27661753,25539.66559,0.038383484,0.007328166,0.748713202,0.048380728,65421,844.7554467,35.60585794,97.67547881
24032397,2054.977409,487.054896,122.7707977,123.7583771,120.1761017,4406.881716,4211.444441,4427.251718,5.96E-08,1.67E-06,52.77183491,5973.450251,0.118942261,0.010343398,0.950327604,0.119290859,65444,2745.318072,180.5259995,102.3534288
25281204,-95.72864393,7060.133845,115.0958405,133.9968262,136.6678925,3071.242752,3255.69161,3671.680613,5.96E-08,2.17E-06,146.2855424,43244.8992,-0.603935242,0.011806399,0.909315135,0.124989412,65530,2760.074385,208.8293473,127.600941
23759593,5116.476433,7263.317024,113.0099945,131.3076172,118.2250061,3248.39701,3157.290809,3140.95929,5.96E-08,2.02E-06,79.30980822,10947.97047,0.192893982,0.008721345,0.865450394,0.068302049,65526,1054.868145,33.78279255,114.8552159
25047424,-267.7946848,197.6053045,126.5778961,127.4715729,128.1438904,2793.661443,2795.38646,2751.264879,5.96E-08,4.10E-06,198.0276157,57176.15416,-0.08140564,0.014342277,0.862801102,0.158237962,65483,4723.057321,466.4439055,156.2293227
24186665,-332.5855434,2976.863912,119.0217438,123.9501801,126.0872955,4390.93982,4066.137884,4108.996026,5.96E-08,1.90E-06,120.867318,36819.95818,-0.057998657,0.008207068,0.78249859,0.070560717,65452,1684.508801,85.72746816,108.6512762
24814742,2811.812038,16554.2808,101.7189026,141.3434143,135.5805969,5007.716394,4996.084886,5210.774144,5.96E-08,1.86E-06,433.3043616,457258.9427,0.159538269,0.00834428,0.620876997,0.039291183,65506,1399.436688,499.4077031,136.1428239
22927874,-4219.369946,4612.614658,105.7893372,115.371048,128.6912079,3566.712823,3571.715915,4121.758697,5.96E-08,1.90E-06,53.91060528,4403.512126,-0.170814514,0.011035367,0.945340725,0.127651441,65485,3222.366845,229.6970676,126.1243052
23029465,-3205.814873,8485.337,101.9666443,119.0114594,130.423645,3559.984269,3792.371558,4345.12976,5.96E-08,1.40E-06,39.29523863,2442.535338,-0.17591095,0.008485137,0.795673835,0.070883314,65492,1775.894624,86.36686731,113.2840238
28896808,524.7292131,3944.641386,139.1641693,149.4340515,152.332077,4161.601817,4211.308883,4835.976959,5.96E-08,3.58E-06,281.4065526,122167.5733,0.00087738,0.015259552,0.931404055,0.132842373,65505,4552.552704,718.2691927,149.9990809
23695599,3278.837539,7192.25592,110.1063232,128.4175262,123.0422974,3558.371599,3954.906437,4335.227062,5.96E-08,1.51E-06,54.57314819,8472.68275,0.055664063,0.008155785,0.875844752,0.061890389,65520,995.5544366,41.66743946,98.20591536
24721322,-2028.956744,4968.618249,115.1554108,126.1804047,135.8816223,3245.685091,3204.168885,3739.537439,5.96E-08,3.12E-06,159.2003747,39769.70998,-0.125320435,0.00847584,0.798796059,0.059694343,65516,735.8315652,19.3512905,134.9059459
24423458,-1555.04723,2358.081446,116.3212891,123.6795197,132.6715851,2988.166335,3101.780639,3680.598915,5.96E-08,2.24E-06,156.5100589,51804.0905,-0.030334473,0.010400254,0.81640335,0.078779172,65466,1561.474314,70.51357479,125.1651221
29046741,544.9277604,3884.093672,140.7182617,150.0233917,152.4764404,3844.884918,3787.94945,4220.027063,5.96E-08,3.14E-06,156.9804849,33897.88828,-0.03843689,0.011115984,0.834544933,0.086058949,65514,2658.134306,200.1641832,174.8346818
23367855,1556.196489,8712.552214,108.2770386,125.440094,122.8480377,3938.297639,3639.531629,3709.906732,5.96E-08,1.51E-06,66.90814258,9493.942971,-0.467063904,0.008116358,0.621334696,0.071474692,65504,1368.496608,52.81595654,123.7567072
26066922,1766.335202,2164.387022,129.7423401,135.0281677,132.9791565,3315.20827,3166.035461,3627.997612,5.96E-08,3.10E-06,178.1862454,52368.33651,-0.121482849,0.014240343,0.960816413,0.1456986,65522,6182.588417,872.1917431,138.7639008
22508474,-7213.517139,5825.132865,98.8838501,108.8729248,135.695282,3063.913267,2823.859371,4209.21629,5.96E-08,1.64E-06,50.06157161,3938.937162,0.067123413,0.010080611,0.882472515,0.082508619,65497,1582.947402,66.10327401,129.1834472
24919482,-5229.99724,3721.792446,112.0875854,123.3487854,144.8047485,1839.072315,2058.875022,2885.098199,5.96E-08,2.79E-06,99.8240029,14327.99619,-0.302711487,0.017332727,0.954016037,0.209093627,65525,6611.069694,850.1941107,146.0708826
23016989,4681.520991,-3401.399896,127.3047943,116.4776154,107.4289703,2270.56834,2183.675891,2523.721151,5.96E-08,2.46E-06,131.8127285,28886.91854,-0.098312378,0.013094049,0.881040604,0.120287783,65521,3457.255193,269.3168694,148.0574357
24492754,-2585.102145,3945.978517,112.4989014,124.6721191,136.5587463,2119.558593,2239.615669,2694.052121,5.96E-08,5.13E-06,326.5953401,146027.7267,0.034240723,0.01205828,0.844323467,0.083632549,65508,1709.522041,71.00532581,128.3159204
23281240,-4791.7987,4968.538651,102.974762,116.5320435,135.7367249,1577.412449,1704.961986,2507.57244,5.96E-08,4.35E-06,404.1845175,240070.4757,-0.264396667,0.023972688,0.975164592,0.277857398,65535,12119.37575,2878.072655,132.2744715
23127500,1849.139129,5561.505106,111.4454346,122.1862793,119.2659302,4628.386702,4465.507628,4633.465475,5.96E-08,1.46E-06,93.13768542,30461.23019,-0.085952759,0.007205,0.751426668,0.045578493,65404,693.6538957,38.73369372,93.37341366
24837392,-1734.65442,515.9608764,123.5473022,124.7896118,130.6516113,3466.023214,3524.382373,3819.747369,5.96E-08,2.72E-06,95.89944048,16129.33871,-0.34412384,0.010684037,0.928818197,0.118146783,65484,2922.514032,196.6113671,134.5042363
27120598,-641.9308256,3713.666722,129.1665344,140.2468872,144.4140625,2761.540137,2649.969045,2835.478729,5.96E-08,5.11E-06,274.9255264,96528.48516,-0.418914795,0.015125297,0.906754321,0.157700998,65511,3939.245092,321.5786357,182.577278
23329099,4429.897128,3696.777128,116.9530945,124.9181671,114.1025391,3911.524899,3396.846926,3275.057815,5.96E-08,1.86E-06,104.754419,20595.55457,-0.444297791,0.010272142,0.895000882,0.098773203,65501,2693.259198,175.4173053,146.1058873
21872223,-1790.731125,8151.98154,95.24583435,115.0634766,123.4343262,2934.750555,3368.615752,3890.863943,5.96E-08,1.61E-06,62.98535761,7283.967871,-0.170921326,0.007918204,0.720893025,0.048484985,65493,778.1930009,24.4513014,130.3510724
21995967,1230.0954,16851.05433,85.93988037,123.6970978,125.9948425,2446.472429,2759.863466,3542.348942,5.96E-08,1.84E-06,122.0311521,28160.83889,0.007804871,0.008100643,0.613117543,0.044538633,65530,673.5533906,14.71394287,170.9364289
25725847,1966.172505,605.8072746,133.6747437,132.0968475,126.7736816,2897.414014,2413.02329,2436.759388,5.96E-08,3.65E-06,146.8070759,30979.87836,-0.376350403,0.016252609,0.965281807,0.199574897,65534,7548.518575,988.6526963,167.7296588
22572758,-3458.383425,2707.935612,106.8518219,112.7636871,124.8174438,2280.051331,2268.821765,2821.313139,5.96E-08,2.97E-06,190.8487674,61072.51109,-0.423522949,0.014504354,0.945178843,0.176952778,65526,7453.74693,992.5305404,132.9688477
23501868,-2548.064083,1527.009445,113.676651,117.8395996,127.0937958,1665.479598,1695.776213,1942.906714,5.96E-08,4.28E-06,282.4127913,148927.406,-0.351394653,0.019935085,0.935064643,0.22263308,65501,9415.198769,1752.812714,149.0433149
20788691,-3557.904405,4026.173344,95.04153442,105.3476105,116.821106,2336.312728,2590.251863,3095.941813,5.96E-08,3.26E-06,377.0126652,292144.9795,-0.266273499,0.017955954,0.969609798,0.245999593,65515,7532.987479,1028.302573,128.3728669
25323574,2844.95608,4433.312161,124.0709534,132.9153748,129.4207458,4269.896607,3962.61555,4381.207739,5.96E-08,1.83E-06,84.50246188,17740.8982,-0.051696777,0.009604621,0.892102139,0.097586414,65514,1724.196139,77.93207886,113.5006594
26228159,1854.041381,2433.53746,130.6186676,136.4079742,133.1833038,3732.472338,3747.411728,3788.114273,5.96E-08,3.34E-06,220.0823176,71210.45004,-0.066688538,0.009266516,0.748807618,0.070366403,65488,1668.68142,80.42557801,141.5786264
22793544,5892.024895,2711.416308,116.6981659,121.3001404,109.8035736,4705.284522,4326.397159,4299.517493,5.96E-08,1.45E-06,138.5866675,68308.54201,-0.007972717,0.007135061,0.737144106,0.043450148,65420,721.7310601,47.34327959,91.53140706
25309045,3887.909471,939.3684142,126.9932098,130.8871155,128.3050537,3518.479248,3640.421797,4456.526541,5.96E-08,1.70E-06,84.29140531,12575.89564,0.063430786,0.00863881,0.832423934,0.060906206,65493,947.7321061,34.75234738,135.0006706
23652075,-4478.748462,3645.425996,107.796524,117.9818573,135.123642,1922.946741,1995.890616,2537.164782,5.96E-08,2.83E-06,158.6812134,43718.38823,0.263938904,0.019081034,0.919234776,0.22585223,65511,7096.969189,942.5264237,155.0964125
